name,creditScore,income,loanAmount,monthDuration,approval,rate,yearlyReimbursement,loanAmountOnIncome,yearlyReimbursementOnIncome
John Doe,436,290532,136331,19, true,0.08,13979.40326,0.469246073,0.04811657
John Doe,333,95440,516245,24, false,0.08,48447.78365,5.409105197,0.507625562
John Doe,805,43242,982572,14, false,0.067,108746.0713,22.72263078,2.5148252
John Doe,313,3773,286564,19, false,0.08,30025.8064,75.95123244,7.958072197
John Doe,639,141075,603802,14, false,0.067,69141.80143,4.280007088,0.490106691
John Doe,798,10250,420537,22, false,0.08,41214.82708,41.028,4.020958739
John Doe,563,19837,580276,22, false,0.08,56870.08515,29.25220547,2.866869242
John Doe,701,94722,150099,20, true,0.08,15091.47947,1.584626591,0.159323911
John Doe,678,142482,1828936,13, false,0,0,12.83626002,0
John Doe,670,86878,269819,21, true,0.08,26947.05379,3.105722968,0.310171203
John Doe,447,136755,1465709,24, false,0,0,10.71777266,0
John Doe,717,274553,513754,19, true,0.08,53720.28963,1.871237976,0.195664552
John Doe,586,48133,1152135,7, false,0,0,23.93648848,0
John Doe,471,278339,206578,13, true,0.067,24874.15936,0.742181297,0.089366418
John Doe,653,175246,742815,14, false,0.067,82210.98603,4.238698743,0.469117618
John Doe,827,230820,757193,20, true,0.08,77498.09102,3.280447968,0.335751196
John Doe,620,103873,237225,23, true,0.08,22917.70542,2.283798485,0.220631978
John Doe,475,78719,209293,10, true,0.063,28607.22294,2.658735502,0.363409379
John Doe,578,124633,1983182,19, false,0,0,15.91217414,0
John Doe,584,39398,1092231,15, false,0,0,27.72300624,0
John Doe,625,264765,86406,16, true,0.067,8948.288386,0.326349782,0.033797097
John Doe,370,190062,705654,1, false,0.055,1434034.005,3.71275689,7.545085314
John Doe,615,124870,1326442,29, false,0,0,10.62258349,0
John Doe,564,69761,1419979,25, false,0,0,20.35491177,0
John Doe,621,183986,307994,22, true,0.08,29921.82463,1.674007805,0.162630986
John Doe,350,247200,1997826,21, false,0,0,8.081820388,0
John Doe,803,50412,801215,25, false,0.08,75105.13126,15.89333889,1.489826455
John Doe,543,37931,973876,30, false,0.085,90192.86086,25.67493607,2.377813948
John Doe,321,28772,426464,19, false,0.08,44592.8783,14.82218824,1.549870648
John Doe,722,174858,1125688,22, false,0,0,6.437726612,0
John Doe,580,66037,168781,26, true,0.085,16187.27513,2.555855051,0.245124326
John Doe,669,98165,1598178,24, false,0,0,16.28052768,0
John Doe,529,208718,1284030,28, false,0,0,6.151984975,0
John Doe,630,82519,1600589,9, false,0,0,19.39661169,0
John Doe,397,160982,570189,17, true,0.067,57195.16059,3.541942577,0.355289166
John Doe,604,78432,286828,29, true,0.085,26794.39271,3.657027744,0.341625774
John Doe,580,97718,780306,27, false,0.085,74064.95939,7.985284185,0.75794592
John Doe,452,274311,686326,16, false,0.067,72188.63119,2.501999555,0.263163457
John Doe,797,159016,173501,28, true,0.085,16301.57599,1.091091462,0.102515319
John Doe,427,269303,820537,24, false,0.08,77644.34722,3.04689142,0.288315939
John Doe,549,292454,331306,16, true,0.067,34521.31033,1.132848243,0.118040137
John Doe,822,163580,585683,26, true,0.085,56538.54067,3.58040714,0.345632355
John Doe,391,9043,1871428,16, false,0,0,206.9476943,0
John Doe,488,71113,1990313,11, false,0,0,27.98803313,0
John Doe,449,77592,501365,2, false,0.055,390840.4662,6.461555315,5.037123237
John Doe,346,34835,10001,26, true,0.085,964.5196823,0.287096311,0.027688235
John Doe,536,183376,1870581,12, false,0,0,10.20079509,0
John Doe,389,190088,983518,23, false,0.08,93883.84469,5.174014141,0.493896746
John Doe,390,160718,271276,16, true,0.067,28093.60322,1.687900546,0.174800602
John Doe,328,189420,1165903,9, false,0,0,6.155120895,0
John Doe,597,148999,1742123,10, false,0,0,11.69217914,0
John Doe,304,50575,1033990,5, false,0,0,20.44468611,0
John Doe,709,198527,353239,23, true,0.08,33676.10436,1.779299541,0.169629846
John Doe,626,145519,187437,12, true,0.063,23181.11741,1.288058604,0.159299593
John Doe,412,230950,1169577,6, false,0,0,5.064200043,0
John Doe,583,157633,400594,3, false,0.055,196547.5011,2.541307975,1.246867731
John Doe,689,59923,847966,9, false,0.063,125417.213,14.15092702,2.092972866
John Doe,355,138026,473527,2, false,0.055,250565.8053,3.430708707,1.815352218
John Doe,448,256395,233107,19, true,0.08,24276.25038,0.909171396,0.09468301
John Doe,530,1937,1139001,1, false,0,0,588.0232318,0
John Doe,461,261413,1361559,27, false,0,0,5.208459411,0
John Doe,332,279334,259780,29, true,0.085,24301.87944,0.92999778,0.086999361
John Doe,813,53005,610564,1, false,0.055,7360349.02,11.51898877,138.8614097
John Doe,672,147301,969354,19, false,0.08,101154.0582,6.580769988,0.686716711
John Doe,413,65558,1459538,9, false,0,0,22.26330883,0
John Doe,454,98234,60333,22, true,0.08,5853.081645,0.614176354,0.059583053
John Doe,519,175956,554141,28, true,0.085,52303.66296,3.149315738,0.297254217
John Doe,412,80066,1817910,13, false,0,0,22.70514326,0
John Doe,525,254238,1032673,22, false,0,0,4.06183576,0
John Doe,536,270914,359543,25, true,0.08,33626.98126,1.327148099,0.124124192
John Doe,820,154166,917451,26, false,0.085,88150.76059,5.951059248,0.57179119
John Doe,388,229230,323577,14, true,0.067,36209.42902,1.411582254,0.157961126
John Doe,549,75126,1784020,26, false,0,0,23.74703831,0
John Doe,834,95434,1115018,9, false,0,0,11.68365572,0
John Doe,655,278305,861422,8, false,0.059,142413.8357,3.095244426,0.511718567
John Doe,612,86370,750727,20, false,0.08,76553.97431,8.691987959,0.886349129
John Doe,695,11966,618848,1, false,0.055,1257626.366,51.71719873,105.0999805
John Doe,345,139095,252547,26, true,0.085,24156.07359,1.815643984,0.17366601
John Doe,481,706,158346,12, false,0.063,19016.85007,224.286119,26.93604826
John Doe,394,265265,1337493,10, false,0,0,5.042101295,0
John Doe,362,147183,1228893,24, false,0,0,8.349422148,0
John Doe,333,106755,390215,28, false,0.085,36582.534,3.655238631,0.342677476
John Doe,680,280453,241989,16, true,0.067,25372.4261,0.86285046,0.090469441
John Doe,696,142608,1134193,23, false,0,0,7.953221418,0
John Doe,538,168799,1609655,23, false,0,0,9.535927346,0
John Doe,658,237436,1523056,9, false,0,0,6.414595933,0
John Doe,649,185754,317668,8, true,0.059,52059.17771,1.71015429,0.280258717
John Doe,534,113252,1849394,8, false,0,0,16.32990146,0
John Doe,667,22775,634206,24, false,0.08,60309.52934,27.84658617,2.648058369
John Doe,378,236463,331288,19, true,0.08,34711.92945,1.401014112,0.146796452
John Doe,429,260130,1949704,10, false,0,0,7.495113981,0
John Doe,316,76172,121519,16, true,0.067,12781.52113,1.595323741,0.167798156
John Doe,397,126642,129249,11, true,0.063,17350.12094,1.020585588,0.137001318
John Doe,499,190908,144286,23, true,0.08,13790.89722,0.755788128,0.072238446
John Doe,773,169012,1584691,15, false,0,0,9.376204057,0
John Doe,838,140667,1971802,12, false,0,0,14.01751655,0
John Doe,656,40639,158936,28, true,0.085,15013.22372,3.910923005,0.369428965
John Doe,663,197251,1399101,4, false,0,0,7.092998261,0
John Doe,383,169028,1447529,13, false,0,0,8.563841494,0
John Doe,451,206279,969773,25, false,0.08,90398.29433,4.70126867,0.438233142
John Doe,475,238604,419217,23, true,0.08,40334.23676,1.756957134,0.169042584
John Doe,613,151968,676476,12, false,0.063,84087.77814,4.451437145,0.553325556
John Doe,683,83553,1163200,14, false,0,0,13.92170239,0
John Doe,336,124499,855365,29, false,0.085,79631.5685,6.870456791,0.639616129
John Doe,806,32455,1780248,1, false,0,0,54.85281159,0
John Doe,478,18139,1078941,18, false,0,0,59.48183472,0
John Doe,497,225051,1310744,4, false,0,0,5.824208735,0
John Doe,641,295552,12091,5, true,0.059,3280.216115,0.040909891,0.011098609
John Doe,423,181353,1086679,28, false,0,0,5.992065199,0
John Doe,533,184211,1834715,24, false,0,0,9.959855818,0
John Doe,420,177283,1906961,17, false,0,0,10.75659257,0
John Doe,394,89378,1273680,13, false,0,0,14.2504867,0
John Doe,339,59518,1335363,13, false,0,0,22.43628818,0
John Doe,481,74685,567790,5, false,0.059,148811.3232,7.602463681,1.992519558
John Doe,419,138636,1545827,12, false,0,0,11.15025679,0
John Doe,401,106419,71902,30, true,0.085,6671.793992,0.675650025,0.062693635
John Doe,342,265165,297347,20, true,0.08,30266.34777,1.121365942,0.114141564
John Doe,777,256807,1668699,9, false,0,0,6.497871943,0
John Doe,578,231646,585676,22, true,0.08,57572.6575,2.52832339,0.24853724
John Doe,779,110868,896226,24, false,0.08,85014.44555,8.083721182,0.766807785
John Doe,377,27124,1535720,8, false,0,0,56.61849285,0
John Doe,423,112197,632123,15, false,0.067,67800.03884,5.634045474,0.604294579
John Doe,604,3226,379667,8, false,0.059,59650.8158,117.6897086,18.49064346
John Doe,469,276799,436363,14, true,0.067,48830.58769,1.57646162,0.17641172
John Doe,394,205493,593206,1, false,0.055,3583724.397,2.886745534,17.43964221
John Doe,500,107928,1096622,16, false,0,0,10.16068119,0
John Doe,809,175139,86124,8, true,0.059,14765.55843,0.491746556,0.084307655
John Doe,377,85900,1616589,10, false,0,0,18.81942957,0
John Doe,443,88016,1883108,26, false,0,0,21.39506453,0
John Doe,538,7675,628431,23, false,0.08,60222.51696,81.88026059,7.846582015
John Doe,669,54983,1073800,29, false,0,0,19.52967281,0
John Doe,807,204516,6185,15, true,0.067,656.8509936,0.030242133,0.003211734
John Doe,756,154874,514523,25, true,0.08,48230.89614,3.322203856,0.311420226
John Doe,342,110367,1035378,24, false,0,0,9.381228084,0
John Doe,848,184230,353170,27, true,0.085,33549.86176,1.917005917,0.182108569
John Doe,389,247289,803184,8, false,0.059,129380.1734,3.247956844,0.523194212
John Doe,823,221222,1917469,9, false,0,0,8.667623473,0
John Doe,746,291155,1178651,15, false,0,0,4.048190826,0
John Doe,792,181803,818360,29, false,0.085,76342.15404,4.501355863,0.41991691
John Doe,637,204906,739032,4, false,0.055,218546.3951,3.606687945,1.066569037
John Doe,489,169017,705865,24, false,0.08,66957.13091,4.176295876,0.396156191
John Doe,518,147543,869260,9, false,0.063,128566.672,5.891570593,0.871384424
John Doe,348,139250,1375325,30, false,0,0,9.876660682,0
John Doe,781,274290,839637,11, false,0.063,106563.8862,3.061128732,0.388508098
John Doe,366,147594,726051,12, false,0.063,88465.8322,4.919244685,0.599386372
John Doe,695,222185,1492685,28, false,0,0,6.7182078,0
John Doe,593,136724,260428,21, true,0.08,25966.4534,1.904771657,0.189918766
John Doe,438,281060,1003695,28, false,0,0,3.571105814,0
John Doe,629,55889,685807,8, false,0.059,114394.0102,12.2708762,2.046807247
John Doe,326,183118,499353,5, false,0.059,124609.7603,2.726946559,0.680488867
John Doe,525,177833,19557,28, true,0.085,1834.800451,0.109973964,0.010317548
John Doe,703,26145,1822041,28, false,0,0,69.68984509,0
John Doe,319,218396,143599,1, false,0.055,147912.9171,0.657516621,0.677269351
John Doe,563,292121,830208,25, false,0.08,77220.20913,2.842000404,0.264343231
John Doe,473,285799,721467,18, false,0.08,77065.35877,2.52438602,0.269648805
John Doe,489,221168,962212,19, false,0.08,99038.67564,4.350593214,0.447798396
John Doe,449,131627,960033,25, false,0.08,88916.28486,7.293587182,0.675517066
John Doe,381,282400,715801,11, false,0.063,96087.65963,2.534706091,0.340253752
John Doe,846,263491,1020022,17, false,0,0,3.871183456,0
John Doe,552,200575,780241,7, false,0.059,149570.2683,3.890021189,0.745707433
John Doe,735,88258,1573282,29, false,0,0,17.82594212,0
John Doe,431,197951,93944,17, true,0.067,9371.845108,0.474582094,0.047344268
John Doe,668,95514,658533,23, false,0.08,62942.7728,6.894622778,0.65899002
John Doe,535,112396,597138,20, false,0.08,61003.72833,5.312804726,0.542757112
John Doe,720,182121,1657501,4, false,0,0,9.101097622,0
John Doe,827,18759,1135138,7, false,0,0,60.51164774,0
John Doe,655,61898,925426,2, false,0.055,509831.8406,14.95082232,8.236644813
John Doe,716,94175,1290379,4, false,0,0,13.70192726,0
John Doe,335,158827,858021,27, false,0.085,81925.66418,5.402236396,0.515816984
John Doe,620,208344,46597,4, true,0.055,14990.81226,0.223654149,0.071952215
John Doe,523,39830,1423947,23, false,0,0,35.75061511,0
John Doe,391,135778,1501135,15, false,0,0,11.05580433,0
John Doe,456,4064,1369369,18, false,0,0,336.9510335,0
John Doe,426,273245,1444865,29, false,0,0,5.287800326,0
John Doe,347,192454,309680,23, true,0.08,29715.82172,1.609111788,0.154404802
John Doe,440,216651,1845837,15, false,0,0,8.519863744,0
John Doe,389,54443,131935,13, true,0.067,15480.89768,2.423360212,0.284350563
John Doe,523,117642,1143626,10, false,0,0,9.721239013,0
John Doe,664,81924,878115,16, false,0.067,90392.20772,10.71865387,1.103366629
John Doe,301,81550,46088,21, true,0.08,4544.413592,0.565150215,0.055725489
John Doe,682,174334,370370,30, true,0.085,34322.57679,2.124485184,0.196878273
John Doe,481,10622,197476,14, false,0.067,21776.82093,18.59122576,2.050162016
John Doe,699,297725,50559,8, true,0.059,8668.104929,0.169817785,0.029114468
John Doe,382,185869,1853810,17, false,0,0,9.973744949,0
John Doe,668,166170,81564,12, true,0.063,10243.55792,0.490846723,0.06164505
John Doe,797,258482,474059,13, true,0.067,57336.87839,1.834011653,0.221821552
John Doe,413,260708,1910188,13, false,0,0,7.326925142,0
John Doe,570,299394,48914,3, true,0.055,17724.02809,0.163376688,0.059199677
John Doe,336,271511,902316,6, false,0.059,185426.7997,3.323312868,0.682943968
John Doe,624,190003,1896098,7, false,0,0,9.97930559,0
John Doe,745,248316,1981034,14, false,0,0,7.977874966,0
John Doe,476,105659,624662,8, false,0.059,102369.1088,5.912056711,0.968863124
John Doe,404,75504,546578,30, false,0.085,50717.02897,7.239060182,0.671713141
John Doe,689,118756,1801516,24, false,0,0,15.16989457,0
John Doe,521,287211,1421247,1, false,0,0,4.948442086,0
John Doe,681,173044,1551277,20, false,0,0,8.964639051,0
John Doe,337,248357,1699424,7, false,0,0,6.842666001,0
John Doe,610,43316,1613953,14, false,0,0,37.25997322,0
John Doe,783,75771,717973,9, false,0.063,113576.8471,9.47556453,1.498948768
John Doe,790,203333,1221280,14, false,0,0,6.006304928,0
John Doe,838,44099,1889647,11, false,0,0,42.85010998,0
John Doe,565,83621,1197652,14, false,0,0,14.32238313,0
John Doe,565,230890,1824693,20, false,0,0,7.902867166,0
John Doe,422,183698,830367,29, false,0.085,77679.10818,4.520283291,0.422863113
John Doe,630,229111,435160,16, true,0.067,45483.64466,1.899341367,0.198522309
John Doe,362,129780,889818,2, false,0.055,490214.8295,6.856356912,3.777275616
John Doe,735,1069,1972906,23, false,0,0,1845.562208,0
John Doe,580,178858,1535592,13, false,0,0,8.58553713,0
John Doe,578,130819,65165,19, true,0.08,6800.100072,0.498131005,0.051980982
John Doe,604,198248,1260182,22, false,0,0,6.356593761,0
John Doe,806,250955,1618545,24, false,0,0,6.449542747,0
John Doe,770,201700,1257957,22, false,0,0,6.236772434,0
John Doe,488,80395,270263,12, false,0.063,33766.91475,3.36168916,0.420012622
John Doe,582,249603,1141673,4, false,0,0,4.573955441,0
John Doe,698,201305,1149521,6, false,0,0,5.710344999,0
John Doe,742,92657,1459448,2, false,0,0,15.75108195,0
John Doe,401,272470,816514,17, false,0.067,80587.49879,2.996711565,0.295766502
John Doe,495,122021,1407698,25, false,0,0,11.5365224,0
John Doe,301,102793,84320,14, true,0.067,9617.676728,0.820289319,0.093563538
John Doe,741,220938,1124907,6, false,0,0,5.091505309,0
John Doe,337,179586,1181665,18, false,0,0,6.579939416,0
John Doe,307,175112,1340726,19, false,0,0,7.656391338,0
John Doe,803,32113,532596,11, false,0.063,69464.78964,16.58505901,2.163136102
John Doe,740,193970,1517051,20, false,0,0,7.821059958,0
John Doe,763,239507,931556,26, false,0.085,89672.21578,3.889472959,0.374403319
John Doe,724,19894,243450,24, false,0.08,22846.92913,12.237358,1.148433152
John Doe,834,124548,1667188,19, false,0,0,13.38590744,0
John Doe,304,225419,1048316,29, false,0,0,4.650521917,0
John Doe,817,79464,1251982,23, false,0,0,15.75533575,0
John Doe,598,132505,1188001,8, false,0,0,8.965706954,0
John Doe,345,98437,1873056,7, false,0,0,19.02796713,0
John Doe,452,166748,826119,29, false,0.085,77281.7166,4.954296303,0.463464129
John Doe,672,253085,986038,11, false,0.063,124485.0134,3.896074441,0.491870373
John Doe,675,111595,480285,1, false,0.055,2901536.856,4.303821856,26.00059909
John Doe,454,83964,92091,3, false,0.055,35175.235,1.096791482,0.41893234
John Doe,365,152456,78493,20, true,0.08,7919.166244,0.514856746,0.051943946
John Doe,383,242971,1599255,5, false,0,0,6.582081812,0
John Doe,560,142438,1535676,27, false,0,0,10.78136452,0
John Doe,708,141201,1673822,5, false,0,0,11.8541795,0
John Doe,467,145014,754973,14, false,0.067,86796.14702,5.206207677,0.598536328
John Doe,706,124743,504599,13, false,0.067,58719.751,4.045108744,0.47072582
John Doe,437,274392,1418935,10, false,0,0,5.171196682,0
John Doe,762,140544,770507,14, false,0.067,87885.28513,5.482318704,0.625322213
John Doe,832,91952,122960,25, true,0.08,11412.38282,1.337219419,0.124112394
John Doe,612,96920,1126647,21, false,0,0,11.62450475,0
John Doe,655,102650,295362,8, false,0.059,49713.58789,2.877369703,0.484301879
John Doe,792,182485,981164,4, false,0.055,284469.2093,5.376683015,1.558863519
John Doe,556,224663,1142738,20, false,0,0,5.086453933,0
John Doe,421,255072,969073,8, false,0.059,156102.2541,3.799213555,0.611992904
John Doe,729,270124,471833,21, true,0.08,47279.46687,1.746727429,0.175028753
John Doe,479,153113,552558,21, true,0.08,54915.23323,3.608824855,0.358658202
John Doe,698,36194,804642,16, false,0.067,83841.81447,22.23136431,2.316456166
John Doe,455,128453,1771769,19, false,0,0,13.79313056,0
John Doe,343,170816,575507,3, false,0.055,282366.842,3.36916331,1.653046799
John Doe,738,146750,1986232,1, false,0,0,13.53480068,0
John Doe,582,73631,449833,21, false,0.08,44999.72083,6.109288207,0.611151836
John Doe,336,102692,603764,12, false,0.063,72856.7902,5.879367429,0.709468997
John Doe,419,42190,1724648,10, false,0,0,40.87812278,0
John Doe,791,237872,379134,8, true,0.059,60559.79783,1.593857201,0.254589854
John Doe,327,69651,1371461,24, false,0,0,19.69047106,0
John Doe,430,223112,1435324,2, false,0,0,6.433199469,0
John Doe,328,180852,290111,22, true,0.08,28065.72942,1.604134873,0.155186171
John Doe,716,150724,241451,6, true,0.059,52878.09555,1.601941297,0.350827311
John Doe,541,17417,1705955,28, false,0,0,97.94769478,0
John Doe,679,9864,1367386,13, false,0,0,138.6238848,0
John Doe,595,203211,27730,21, true,0.08,2730.05607,0.136459148,0.013434588
John Doe,786,157000,888736,5, false,0.059,225355.6576,5.660738854,1.435386354
John Doe,795,163192,774504,28, false,0.085,72990.05804,4.74596794,0.447264927
John Doe,464,18323,268771,5, false,0.059,70441.83261,14.66850407,3.84444865
John Doe,572,200862,980943,25, false,0.08,91240.53683,4.883666398,0.454244889
John Doe,421,129506,1796477,27, false,0,0,13.87176656,0
John Doe,426,251880,622735,7, false,0.059,118077.4311,2.472347943,0.468784465
John Doe,759,46053,1081357,1, false,0,0,23.48070701,0
John Doe,672,209058,1609651,27, false,0,0,7.699542711,0
John Doe,505,292905,1533715,8, false,0,0,5.236219935,0
John Doe,769,12207,1531959,1, false,0,0,125.4984026,0
John Doe,551,221135,500673,24, true,0.08,47376.8133,2.264105637,0.214243848
John Doe,775,215923,95452,14, true,0.067,10721.54143,0.442064995,0.049654467
John Doe,606,241473,1058395,7, false,0,0,4.383078025,0
John Doe,728,10283,738247,23, false,0.08,70653.59336,71.79295925,6.870912512
John Doe,760,105801,124136,30, true,0.085,11511.17203,1.173297039,0.10880022
John Doe,698,189960,705021,9, false,0.063,106548.6189,3.711418193,0.560900289
John Doe,652,138187,260597,13, true,0.067,30450.7256,1.885828624,0.22035883
John Doe,325,33065,1496003,16, false,0,0,45.24430667,0
John Doe,322,14038,481433,6, false,0.059,109850.1612,34.29498504,7.825200254
John Doe,815,293937,1462545,8, false,0,0,4.975709081,0
John Doe,459,269572,1680845,23, false,0,0,6.235235855,0
John Doe,693,86532,960573,3, false,0.055,471295.6828,11.10078353,5.446490117
John Doe,754,172203,621281,5, false,0.059,143786.8165,3.607840746,0.834984388
John Doe,565,184385,188784,22, true,0.08,18474.28418,1.023857689,0.100194073
John Doe,801,206391,1309186,24, false,0,0,6.343232021,0
John Doe,376,207371,139835,17, true,0.067,14065.76993,0.674322832,0.067829011
John Doe,353,147693,126108,12, true,0.063,15596.30358,0.853852248,0.105599477
John Doe,420,267720,1208436,9, false,0,0,4.513805468,0
John Doe,707,211562,1286766,19, false,0,0,6.082217033,0
John Doe,379,191564,1377599,14, false,0,0,7.191325092,0
John Doe,653,32334,560927,8, false,0.059,89597.94088,17.34790004,2.771013202
John Doe,688,196400,709163,4, false,0.055,214006.5074,3.610809572,1.089646168
John Doe,819,143646,1185124,5, false,0,0,8.250309789,0
John Doe,793,138470,482034,5, false,0.059,120287.935,3.48114393,0.86869311
John Doe,498,94389,1434968,0, false,0,0,15.2027037,0
John Doe,789,141560,854739,3, false,0.055,419369.273,6.037998022,2.962484268
John Doe,456,126798,1329454,11, false,0,0,10.48481837,0
John Doe,597,94837,1700237,20, false,0,0,17.92799224,0
John Doe,577,205960,1764367,18, false,0,0,8.566551758,0
John Doe,601,72218,1311453,24, false,0,0,18.15964164,0
John Doe,473,296238,1360607,23, false,0,0,4.592952288,0
John Doe,449,159659,265440,7, true,0.059,50884.19093,1.662543295,0.318705434
John Doe,536,211075,271517,11, true,0.063,35613.19926,1.286353192,0.168722962
John Doe,555,105427,1841008,5, false,0,0,17.46239578,0
John Doe,676,82137,1896600,10, false,0,0,23.09068994,0
John Doe,461,77866,1206255,27, false,0,0,15.49142116,0
John Doe,675,223836,1141417,29, false,0,0,5.099345056,0
John Doe,327,66631,1044845,12, false,0,0,15.68106437,0
John Doe,573,264228,757931,16, false,0.067,78254.96339,2.86847344,0.296164537
John Doe,349,108549,507731,1, false,0.055,886426.2291,4.677435997,8.166139062
John Doe,341,135777,77635,27, true,0.085,7356.913659,0.571783144,0.054183799
John Doe,640,15053,213895,5, false,0.059,50971.50103,14.20945991,3.386135722
John Doe,430,214521,1762018,19, false,0,0,8.213731989,0
John Doe,657,201783,1551902,15, false,0,0,7.690945223,0
John Doe,704,66952,1160267,17, false,0,0,17.32983331,0
John Doe,696,45030,1544475,18, false,0,0,34.2988008,0
John Doe,329,46165,1570567,22, false,0,0,34.02072999,0
John Doe,716,257043,40894,6, true,0.059,9076.867227,0.159094004,0.035312641
John Doe,763,16239,705546,26, false,0.085,67425.92514,43.44762609,4.152098352
John Doe,769,71071,725125,15, false,0.067,78570.40512,10.20282534,1.105519904
John Doe,671,102845,489739,22, false,0.08,47378.01139,4.761913559,0.46067394
John Doe,330,65839,318528,21, false,0.08,31505.81543,4.837983566,0.478528159
John Doe,334,153026,1961491,4, false,0,0,12.81802439,0
John Doe,583,141720,1080868,28, false,0,0,7.62678521,0
John Doe,599,154991,476445,19, true,0.08,49617.97849,3.074017201,0.320134579
John Doe,596,261366,1156785,8, false,0,0,4.425919974,0
John Doe,475,144609,46299,6, true,0.059,9632.081137,0.320166795,0.066607757
John Doe,809,5429,80474,15, false,0.067,8602.753249,14.82298766,1.584592604
John Doe,321,16671,1895161,18, false,0,0,113.6801032,0
John Doe,368,208837,1661363,4, false,0,0,7.955309643,0
John Doe,746,131593,45909,10, true,0.063,6353.302397,0.348871141,0.048279942
John Doe,729,70227,1068994,5, false,0,0,15.22198015,0
John Doe,301,160208,1798142,13, false,0,0,11.22379656,0
John Doe,496,171625,1975939,9, false,0,0,11.51311872,0
John Doe,708,47005,634439,7, false,0.059,119007.6666,13.49726625,2.531808671
John Doe,440,158274,1581931,8, false,0,0,9.994888611,0
John Doe,306,84365,667939,17, false,0.067,67375.45818,7.917252415,0.7986186
John Doe,719,80417,927671,16, false,0.067,96661.14853,11.53575736,1.201998937
John Doe,526,124004,965995,5, false,0.059,266788.4764,7.790030967,2.15145057
John Doe,823,56313,529087,7, false,0.059,97178.53774,9.395468187,1.725685681
John Doe,322,286386,1664648,27, false,0,0,5.812602571,0
John Doe,387,115321,1656843,3, false,0,0,14.36722713,0
John Doe,767,251787,1908564,28, false,0,0,7.580073634,0
John Doe,682,103510,1905237,16, false,0,0,18.40630857,0
John Doe,518,98241,461309,12, false,0.063,57636.38262,4.695687137,0.586683591
John Doe,385,184172,611440,11, false,0.063,78868.77957,3.319940056,0.428234366
John Doe,449,19674,1950510,5, false,0,0,99.14150656,0
John Doe,352,139382,491451,23, true,0.08,47284.10582,3.525928743,0.33924112
John Doe,816,273089,729421,3, false,0.055,271253.8053,2.671001029,0.993279866
John Doe,458,144296,1062857,27, false,0,0,7.365810556,0
John Doe,361,135355,1307452,15, false,0,0,9.659428909,0
John Doe,520,156238,1254995,16, false,0,0,8.032584903,0
John Doe,696,49299,252531,18, false,0.08,26739.65066,5.122436561,0.542397425
John Doe,655,169530,1511814,14, false,0,0,8.917678287,0
John Doe,523,14894,892042,16, false,0.067,92380.72667,59.89270847,6.202546439
John Doe,618,63000,837415,17, false,0.067,85196.06424,13.29230159,1.35231848
John Doe,477,276304,1499385,9, false,0,0,5.426577248,0
John Doe,532,9549,3948,2, true,0.055,2748.086328,0.413446434,0.287787866
John Doe,718,19320,1881454,15, false,0,0,97.38374741,0
John Doe,682,70276,639517,20, false,0.08,64520.93103,9.10007684,0.918107619
John Doe,397,59105,279131,15, false,0.067,30245.04155,4.722629219,0.51171714
John Doe,700,24369,1462445,25, false,0,0,60.0125159,0
John Doe,314,255555,627162,5, false,0.059,156503.5285,2.454117509,0.612406443
John Doe,532,250216,568627,14, false,0.067,63870.40545,2.272544522,0.255261076
John Doe,431,266439,829595,4, false,0.055,235926.9645,3.11363952,0.885482097
John Doe,300,203378,670457,15, false,0.067,71202.96631,3.296605336,0.350101615
John Doe,444,167849,598820,2, false,0.055,570653.391,3.567611365,3.399802149
John Doe,370,108962,507620,30, false,0.085,46952.89464,4.65868835,0.430910727
John Doe,504,251431,1355649,21, false,0,0,5.391733716,0
John Doe,670,195307,498959,10, true,0.063,69931.44045,2.554742022,0.358059058
John Doe,500,220089,1938862,18, false,0,0,8.80944527,0
John Doe,397,234400,996894,26, false,0.085,95437.42498,4.252960751,0.40715625
John Doe,712,152981,638229,9, false,0.063,93089.38927,4.171949458,0.608502947
John Doe,426,283310,1376059,6, false,0,0,4.857078818,0
John Doe,372,209040,26672,24, true,0.08,2523.871598,0.127592805,0.01207363
John Doe,388,147451,1489549,17, false,0,0,10.1019932,0
John Doe,623,281201,1875551,6, false,0,0,6.669787803,0
John Doe,579,137623,1831712,26, false,0,0,13.30963574,0
John Doe,452,53975,1210970,13, false,0,0,22.4357573,0
John Doe,487,291296,1846732,9, false,0,0,6.339709436,0
John Doe,494,240885,396605,17, true,0.067,39893.8369,1.646449551,0.16561362
John Doe,322,167256,1227118,3, false,0,0,7.336765198,0
John Doe,437,179140,566290,9, false,0.063,84353.14599,3.16115887,0.470878341
John Doe,387,39697,484201,18, false,0.08,51052.32212,12.19742046,1.286049881
John Doe,590,113337,1303024,8, false,0,0,11.49689863,0
John Doe,500,271766,491042,5, false,0.059,115301.6646,1.806855898,0.424268174
John Doe,506,142121,1164234,5, false,0,0,8.191850606,0
John Doe,662,92988,762824,2, false,0.055,438367.9579,8.203467114,4.714242245
John Doe,768,198768,1448917,21, false,0,0,7.289488248,0
John Doe,650,264358,835624,2, false,0.055,480203.5417,3.160955976,1.816489539
John Doe,349,263428,922409,15, false,0.067,98935.43824,3.501560199,0.375569181
John Doe,649,58331,1834869,7, false,0,0,31.45615539,0
John Doe,713,119079,1459318,9, false,0,0,12.25504077,0
John Doe,539,98408,12185,16, true,0.067,1261.890308,0.123821234,0.012823046
John Doe,707,80468,1603756,6, false,0,0,19.93035741,0
John Doe,763,279488,1214577,7, false,0,0,4.345721462,0
John Doe,568,193997,1716357,26, false,0,0,8.847337845,0
John Doe,568,280981,692892,30, false,0.085,64089.84096,2.465974568,0.228093149
John Doe,561,282611,986215,6, false,0.059,200235.5266,3.489655392,0.708519932
John Doe,794,290636,1835655,8, false,0,0,6.315993201,0
John Doe,458,132358,1408334,5, false,0,0,10.64033908,0
John Doe,322,298979,27056,21, true,0.08,2663.699857,0.09049465,0.008909321
John Doe,566,83126,1607467,28, false,0,0,19.33771624,0
John Doe,594,18653,289957,23, false,0.08,27608.05581,15.54479172,1.480086624
John Doe,545,124747,1840341,10, false,0,0,14.75258724,0
John Doe,791,216290,1321219,21, false,0,0,6.108553331,0
John Doe,751,48546,1811722,21, false,0,0,37.31969678,0
John Doe,624,48829,1310774,1, false,0,0,26.84417047,0
John Doe,359,183798,246142,27, true,0.085,23402.08679,1.339198468,0.127325035
John Doe,591,223652,130076,8, true,0.059,21316.75082,0.581599986,0.09531214
John Doe,672,136385,1085329,12, false,0,0,7.957832606,0
John Doe,608,200123,370793,28, true,0.085,34838.47509,1.852825512,0.174085313
John Doe,327,154090,319493,18, false,0.08,33545.33206,2.073418132,0.217699605
John Doe,569,236878,1820678,18, false,0,0,7.686142234,0
John Doe,824,288113,1865216,1, false,0,0,6.473904336,0
John Doe,705,227834,1508911,23, false,0,0,6.622852603,0
John Doe,550,4931,599120,7, false,0.059,104683.0075,121.5007098,21.22956956
John Doe,326,243730,1885234,27, false,0,0,7.734927994,0
John Doe,543,85922,138951,1, false,0.055,338081.7618,1.617176043,3.934752005
John Doe,733,83992,1181747,16, false,0,0,14.06975664,0
John Doe,443,126224,1695103,16, false,0,0,13.42932406,0
John Doe,480,94892,1928247,17, false,0,0,20.32043797,0
John Doe,836,9085,1227472,18, false,0,0,135.1097413,0
John Doe,468,218774,1054837,16, false,0,0,4.821583003,0
John Doe,417,170190,135392,16, true,0.067,14286.15599,0.795534403,0.083942394
John Doe,515,220375,1341576,13, false,0,0,6.087695973,0
John Doe,419,18531,1151312,2, false,0,0,62.12897307,0
John Doe,380,199914,1205117,3, false,0,0,6.028177116,0
John Doe,469,19887,339730,17, false,0.067,34563.10062,17.08301906,1.737974587
John Doe,502,29116,1206450,20, false,0,0,41.43598022,0
John Doe,717,56809,1928398,28, false,0,0,33.94529036,0
John Doe,516,261365,200460,23, true,0.08,19110.89058,0.76697339,0.073119548
John Doe,749,19280,894266,3, false,0.055,455291.4078,46.38309129,23.61469957
John Doe,540,116653,924298,16, false,0.067,96912.18487,7.923482465,0.830773189
John Doe,565,74705,1036267,5, false,0,0,13.87145439,0
John Doe,642,67339,1953677,18, false,0,0,29.0125633,0
John Doe,594,69065,903638,18, false,0.08,95075.97657,13.08387751,1.376615892
John Doe,605,63455,1478705,10, false,0,0,23.303207,0
John Doe,315,185520,1093828,27, false,0,0,5.896011212,0
John Doe,592,93428,1117498,9, false,0,0,11.96106092,0
John Doe,508,177479,738351,10, false,0.063,99706.63345,4.160216138,0.561793978
John Doe,812,154825,68641,15, true,0.067,7313.610041,0.443345713,0.047237914
John Doe,562,103406,1577536,2, false,0,0,15.25574918,0
John Doe,455,82600,1093742,22, false,0,0,13.24142857,0
John Doe,747,156044,973763,8, false,0.059,158203.5777,6.240310425,1.013839543
John Doe,739,92280,1128557,5, false,0,0,12.22970308,0
John Doe,383,143140,84132,24, true,0.08,7932.473361,0.587760235,0.055417587
John Doe,718,130714,1473974,28, false,0,0,11.27632847,0
John Doe,317,166469,1733037,11, false,0,0,10.41056893,0
John Doe,622,95858,463770,23, false,0.08,44157.54074,4.838093847,0.460655769
John Doe,666,245339,286858,29, true,0.085,26705.50289,1.169231145,0.108851438
John Doe,646,193527,910631,6, false,0.059,182707.0991,4.705446785,0.944091001
John Doe,360,256905,1999890,24, false,0,0,7.784550709,0
John Doe,586,217086,380005,23, true,0.08,36512.51662,1.750481376,0.168193788
John Doe,327,43367,1304329,28, false,0,0,30.07653285,0
John Doe,524,85249,1036703,12, false,0,0,12.16088165,0
John Doe,676,273262,758040,24, true,0.08,71139.39683,2.77404103,0.260334027
John Doe,728,293094,273826,11, true,0.063,36542.04245,0.934259998,0.12467687
John Doe,301,6063,710994,25, false,0.08,66497.14197,117.2676893,10.96769619
John Doe,772,57324,1108730,29, false,0,0,19.34146256,0
John Doe,321,194531,1042724,14, false,0,0,5.360194519,0
John Doe,629,273916,1176075,5, false,0,0,4.2935608,0
John Doe,785,173890,865406,23, false,0.08,82823.28762,4.976743919,0.476297013
John Doe,729,205403,1541978,29, false,0,0,7.50708607,0
John Doe,653,119808,155683,20, true,0.08,15761.93367,1.299437433,0.131559943
John Doe,462,47037,203340,1, false,0.055,820827.1647,4.322979782,17.45067
John Doe,447,55271,1617270,26, false,0,0,29.26073348,0
John Doe,753,52381,1438341,8, false,0,0,27.45921231,0
John Doe,579,29205,398557,13, false,0.067,46962.60288,13.64687554,1.60803297
John Doe,781,266000,1772866,6, false,0,0,6.664909774,0
John Doe,522,164564,1776511,16, false,0,0,10.79525899,0
John Doe,387,195882,576619,27, true,0.085,54554.22521,2.943705905,0.278505555
John Doe,769,250849,720606,4, false,0.055,204931.7874,2.872668418,0.816952778
John Doe,806,263215,774193,28, true,0.085,72905.00083,2.941295139,0.276978899
John Doe,841,263564,987356,14, false,0.067,110079.0592,3.746171708,0.417655899
John Doe,721,189748,141487,25, true,0.08,13247.78945,0.745657398,0.069817808
John Doe,724,91876,655205,25, false,0.08,61348.51885,7.131405372,0.667731713
John Doe,610,191070,666226,30, false,0.085,61859.33677,3.48681635,0.323752221
John Doe,385,214362,847726,5, false,0.059,214956.804,3.954646812,1.002774764
John Doe,758,250852,711595,5, false,0.059,180438.2394,2.836712484,0.719301578
John Doe,676,232623,1835604,19, false,0,0,7.890896429,0
John Doe,756,90056,681309,16, false,0.067,71889.67333,7.565392645,0.798277442
John Doe,696,163044,1248946,8, false,0,0,7.660177621,0
John Doe,355,44957,708892,14, false,0.067,78743.15263,15.76822297,1.751521512
John Doe,578,40177,1233902,21, false,0,0,30.71165094,0
John Doe,402,227795,968263,13, false,0.067,116075.2598,4.250589346,0.509560174
John Doe,780,250946,983094,24, false,0.08,93370.20347,3.917551983,0.37207289
John Doe,332,8387,1630398,8, false,0,0,194.3958507,0
John Doe,569,29961,58261,12, true,0.063,6931.515061,1.944561263,0.231351259
John Doe,321,88749,594276,5, false,0.059,139542.0596,6.696143055,1.572322613
John Doe,734,293059,675052,23, true,0.08,64438.55336,2.303467902,0.219882527
John Doe,772,205903,1940294,16, false,0,0,9.423340116,0
John Doe,705,292263,971852,14, false,0.067,111729.8355,3.325265258,0.382292098
John Doe,805,220801,850866,10, false,0.063,114900.6155,3.85354233,0.520380866
John Doe,734,171667,1043591,3, false,0,0,6.07915907,0
John Doe,385,9468,1494345,21, false,0,0,157.8311153,0
John Doe,531,104388,1963080,22, false,0,0,18.80560984,0
John Doe,535,262032,1272077,4, false,0,0,4.854662789,0
John Doe,635,267426,380586,8, true,0.059,59795.20312,1.423145094,0.223595324
John Doe,604,107498,800291,7, false,0.059,150118.0799,7.444705948,1.396473236
John Doe,680,268562,1800114,12, false,0,0,6.702787438,0
John Doe,557,178712,173439,27, true,0.085,16435.57349,0.970494427,0.091966815
John Doe,691,189841,1959737,13, false,0,0,10.32304402,0
John Doe,390,119699,287017,9, true,0.063,42450.84382,2.397822872,0.354646604
John Doe,397,250787,1543797,15, false,0,0,6.155809512,0
John Doe,327,243856,1358111,11, false,0,0,5.569315498,0
John Doe,463,274461,845913,16, false,0.067,88416.22922,3.082088166,0.322144965
John Doe,602,98768,61913,21, true,0.08,6153.140187,0.626852827,0.062298925
John Doe,826,246497,1071509,28, false,0,0,4.346945399,0
John Doe,754,274685,1912021,27, false,0,0,6.96077689,0
John Doe,321,85117,273524,11, false,0.063,34714.74029,3.213506115,0.407847319
John Doe,715,246982,380008,7, true,0.059,72846.59293,1.538606052,0.294946972
John Doe,680,265209,980560,13, false,0.067,115056.2703,3.697310423,0.43383245
John Doe,715,26896,722711,11, false,0.063,95885.69672,26.87057555,3.565054161
John Doe,414,196143,397077,18, true,0.08,42703.01486,2.024426056,0.217713683
John Doe,426,63141,1230093,18, false,0,0,19.48168385,0
John Doe,572,208275,593244,8, false,0.059,95562.17706,2.848368743,0.458826921
John Doe,609,113878,1506984,17, false,0,0,13.23331987,0
John Doe,366,131768,789351,5, false,0.059,218002.9407,5.990460506,1.654445242
John Doe,472,63325,62171,15, true,0.067,6602.600343,0.98177655,0.104265303
John Doe,818,211405,76659,17, true,0.067,7586.052815,0.362616778,0.03588398
John Doe,496,279842,1720326,15, false,0,0,6.14749037,0
John Doe,584,207740,572374,25, true,0.08,53472.55025,2.75524213,0.25740132
John Doe,602,187589,1737243,4, false,0,0,9.260900159,0
John Doe,500,236817,918932,24, false,0.08,87061.21303,3.880346428,0.367630757
John Doe,568,107305,1746501,23, false,0,0,16.27604492,0
John Doe,629,253735,513665,5, false,0.059,130249.381,2.024415236,0.513328398
John Doe,508,214005,274557,16, true,0.067,28787.16468,1.28294666,0.134516318
John Doe,502,228671,169513,20, true,0.08,17162.13499,0.741296448,0.075051646
John Doe,756,181437,1228565,29, false,0,0,6.771303538,0
John Doe,338,194228,1804970,30, false,0,0,9.293047346,0
John Doe,707,251350,1903098,4, false,0,0,7.571505868,0
John Doe,434,189897,1954699,15, false,0,0,10.29346962,0
John Doe,761,66540,1302969,26, false,0,0,19.58174031,0
John Doe,659,30250,562972,14, false,0.067,64213.50454,18.61064463,2.122760481
John Doe,797,72274,1293230,22, false,0,0,17.89343332,0
John Doe,622,198557,820573,13, false,0.067,96283.8265,4.132682303,0.484917815
John Doe,471,73205,836295,11, false,0.063,107285.6199,11.42401475,1.465550439
John Doe,320,194824,1351242,23, false,0,0,6.935706073,0
John Doe,443,179930,1651048,14, false,0,0,9.176057356,0
John Doe,367,57583,1434066,27, false,0,0,24.9043294,0
John Doe,481,108717,1539567,12, false,0,0,14.16123513,0
John Doe,455,150867,1219933,28, false,0,0,8.086148727,0
John Doe,833,72828,602143,10, false,0.063,87226.9118,8.268015049,1.197711207
John Doe,530,263049,88849,3, true,0.055,45235.07132,0.337765968,0.17196443
John Doe,786,107832,1047963,4, false,0,0,9.718478745,0
John Doe,401,261972,1894535,4, false,0,0,7.231822485,0
John Doe,456,185080,1473107,29, false,0,0,7.959298682,0
John Doe,667,83043,1316294,23, false,0,0,15.85075202,0
John Doe,698,36275,704151,14, false,0.067,80316.61155,19.41146795,2.214103695
John Doe,323,293730,1817206,17, false,0,0,6.186654411,0
John Doe,813,232222,1698264,2, false,0,0,7.313105563,0
John Doe,503,261783,1692747,12, false,0,0,6.466222024,0
John Doe,507,245148,1871354,16, false,0,0,7.633568293,0
John Doe,705,296103,1754026,28, false,0,0,5.923702225,0
John Doe,462,86460,635743,17, false,0.067,63080.11198,7.353030303,0.729587231
John Doe,422,101810,662879,1, false,0.055,815644.4281,6.510941951,8.011437266
John Doe,719,30911,1127660,15, false,0,0,36.48086442,0
John Doe,781,175905,1628744,4, false,0,0,9.25922515,0
John Doe,388,39456,71147,2, false,0.055,37647.28378,1.8031985,0.954158652
John Doe,357,130871,864891,12, false,0.063,105382.8203,6.608729207,0.805241958
John Doe,690,122660,655948,12, false,0.063,81123.83147,5.347692809,0.661371527
John Doe,387,192493,128370,23, true,0.08,12401.50003,0.666881393,0.06442572
John Doe,615,185686,118733,15, true,0.067,12650.84805,0.639428928,0.068130328
John Doe,527,29572,46876,10, true,0.063,6790.49448,1.585148113,0.229625811
John Doe,620,176187,1544232,2, false,0,0,8.764732926,0
John Doe,824,99602,448224,26, false,0.085,42872.54226,4.500150599,0.430438568
John Doe,742,174912,1099122,14, false,0,0,6.283857025,0
John Doe,612,80923,1204632,5, false,0,0,14.88615103,0
John Doe,574,102595,549082,27, false,0.085,52337.042,5.351937229,0.510132482
John Doe,485,111556,1303830,14, false,0,0,11.68767256,0
John Doe,665,138471,279240,16, true,0.067,29186.62776,2.016595533,0.210777908
John Doe,735,203568,1049764,11, false,0,0,5.15682229,0
John Doe,314,298247,1150201,6, false,0,0,3.856538373,0
John Doe,666,93123,34293,9, true,0.063,5182.642486,0.368254889,0.055653732
John Doe,455,290870,1104301,5, false,0,0,3.796544848,0
John Doe,722,46841,1332920,16, false,0,0,28.45626695,0
John Doe,815,72402,1437094,20, false,0,0,19.84881633,0
John Doe,835,158902,256571,5, false,0.059,63029.43193,1.614649281,0.396656001
John Doe,369,145556,1733293,17, false,0,0,11.90808349,0
John Doe,323,57672,900502,21, false,0.08,89351.80489,15.61419753,1.549309975
John Doe,521,189094,519188,29, true,0.085,48534.62969,2.745660888,0.256669327
John Doe,392,120351,102330,8, true,0.059,17223.5814,0.850262981,0.143111245
John Doe,527,61784,1308583,7, false,0,0,21.17996569,0
John Doe,515,76964,654239,27, false,0.085,62150.31856,8.500584689,0.807524538
John Doe,402,150673,1738640,10, false,0,0,11.53916096,0
John Doe,419,36471,578805,25, false,0.08,53953.8477,15.8702805,1.479362993
John Doe,349,158136,446866,16, true,0.067,45999.9024,2.82583346,0.290888238
John Doe,654,286238,811502,8, false,0.059,136587.2252,2.835060334,0.477180616
John Doe,644,51883,990444,9, false,0.063,154251.2169,19.08995239,2.973058938
John Doe,380,7622,1042399,18, false,0,0,136.7618735,0
John Doe,514,287533,932855,22, false,0.08,91562.05556,3.24434065,0.318440164
John Doe,712,104130,30275,26, true,0.085,2914.292144,0.290742341,0.027987056
John Doe,729,25423,1917375,8, false,0,0,75.41891201,0
John Doe,724,201094,158475,13, true,0.067,18517.78317,0.788064288,0.09208521
John Doe,569,68486,528739,28, false,0.085,49678.5551,7.720395409,0.725382634
John Doe,311,226790,1066181,17, false,0,0,4.70118171,0
John Doe,757,182688,647657,25, true,0.08,60305.97428,3.545153486,0.330103643
John Doe,676,211797,43088,4, true,0.055,13561.87405,0.203440086,0.064032418
John Doe,849,7847,181559,11, false,0.063,23548.53278,23.13737734,3.000959957
John Doe,718,16261,1670026,22, false,0,0,102.7013099,0
John Doe,737,26695,1081174,28, false,0,0,40.5009927,0
John Doe,334,141789,542169,3, false,0.055,225614.2524,3.823773353,1.591197148
John Doe,835,31491,717328,13, false,0.067,86373.81999,22.7788257,2.742809691
John Doe,620,266629,412786,28, true,0.085,38726.79546,1.548166178,0.145245999
John Doe,757,178180,1505396,25, false,0,0,8.448737232,0
John Doe,520,128375,1800916,30, false,0,0,14.02855696,0
John Doe,748,61118,354827,6, false,0.059,75703.60453,5.80560555,1.238646627
John Doe,800,119015,1041021,9, false,0,0,8.746973071,0
John Doe,713,210438,535101,8, false,0.059,87691.92381,2.542796453,0.416711449
John Doe,413,262135,410949,17, true,0.067,40885.23912,1.567699849,0.155970165
John Doe,756,137781,1053670,18, false,0,0,7.647425988,0
John Doe,403,253437,1819185,28, false,0,0,7.178056085,0
John Doe,325,133691,1020386,29, false,0,0,7.632421031,0
John Doe,438,13455,1495008,11, false,0,0,111.1117057,0
John Doe,442,195779,830369,24, false,0.08,78108.07463,4.241358879,0.398960433
John Doe,549,58110,106346,6, false,0.059,22689.29796,1.830080881,0.390454276
John Doe,592,105612,655286,4, false,0.055,182875.7115,6.204654774,1.731580801
John Doe,738,129045,98783,2, false,0.055,52270.81443,0.765492658,0.405058812
John Doe,573,234169,732758,30, false,0.085,68081.39694,3.129184478,0.290736165
John Doe,807,264957,1143307,14, false,0,0,4.315066218,0
John Doe,727,71098,1544799,23, false,0,0,21.72774199,0
John Doe,661,68397,206701,1, false,0.055,360870.5948,3.022076992,5.276117298
John Doe,700,17484,1157297,13, false,0,0,66.19177534,0
John Doe,446,43884,1692174,16, false,0,0,38.5601586,0
John Doe,739,51467,1950921,14, false,0,0,37.90625061,0
John Doe,764,24265,583261,13, false,0.067,67324.22875,24.03713167,2.774540645
John Doe,533,162104,625400,9, false,0.063,96656.37314,3.858017075,0.596261493
John Doe,423,267834,1773914,24, false,0,0,6.62318451,0
John Doe,817,210989,1838748,2, false,0,0,8.714899829,0
John Doe,758,210999,1463799,23, false,0,0,6.937468898,0
John Doe,430,30263,1004074,15, false,0,0,33.1782705,0
John Doe,361,195676,1290454,1, false,0,0,6.594850672,0
John Doe,650,26964,1681555,20, false,0,0,62.36296544,0
John Doe,471,209931,878297,26, false,0.085,84388.756,4.183741325,0.401983299
John Doe,515,159845,462808,29, true,0.085,43144.27516,2.895354875,0.269913198
John Doe,719,70676,796405,13, false,0.067,92676.96388,11.2683938,1.31129328
John Doe,648,278571,1259175,22, false,0,0,4.520122339,0
John Doe,588,232012,89143,25, true,0.08,8337.27813,0.384217196,0.035934685
John Doe,423,4877,1202779,7, false,0,0,246.6227189,0
John Doe,435,198599,1101495,24, false,0,0,5.546327021,0
John Doe,544,49270,1896872,23, false,0,0,38.49953318,0
John Doe,360,194510,258494,26, true,0.085,24906.18042,1.328949668,0.128045758
John Doe,605,49041,1176085,16, false,0,0,23.9816684,0
John Doe,629,151436,738327,1, false,0.055,1796423.868,4.875505164,11.86259455
John Doe,386,7752,1742317,7, false,0,0,224.7570949,0
John Doe,564,110840,1033184,18, false,0,0,9.321400217,0
John Doe,570,82560,1631870,11, false,0,0,19.76586725,0
John Doe,635,40292,1621079,5, false,0,0,40.23327211,0
John Doe,468,293304,1266138,5, false,0,0,4.316811227,0
John Doe,579,60455,244854,8, false,0.059,42376.16068,4.050186089,0.700953779
John Doe,750,101439,1382813,28, false,0,0,13.63196601,0
John Doe,575,114177,1449284,9, false,0,0,12.69330951,0
John Doe,498,82875,1196935,3, false,0,0,14.4426546,0
John Doe,518,39232,370266,27, false,0.085,35031.05994,9.437856852,0.892920573
John Doe,540,197366,179641,28, true,0.085,16853.5761,0.910192232,0.0853925
John Doe,326,270220,576841,9, false,0.063,91251.03878,2.134708756,0.337691654
John Doe,490,59265,1564514,14, false,0,0,26.39861638,0
John Doe,457,289899,1781538,6, false,0,0,6.145374768,0
John Doe,460,256417,1512920,10, false,0,0,5.900232824,0
John Doe,579,5302,1169938,16, false,0,0,220.659751,0
John Doe,543,132537,425505,18, true,0.08,45656.15908,3.210461984,0.344478591
John Doe,381,76810,1138275,18, false,0,0,14.81935946,0
John Doe,310,75311,1530548,4, false,0,0,20.32303382,0
John Doe,458,299108,1518560,26, false,0,0,5.076962168,0
John Doe,740,190111,183415,22, true,0.08,17948.8772,0.964778472,0.094412618
John Doe,373,199720,1533352,17, false,0,0,7.677508512,0
John Doe,810,135037,1566015,20, false,0,0,11.59693269,0
John Doe,335,194339,344782,3, false,0.055,131693.5192,1.774126655,0.677648435
John Doe,602,64964,190544,9, false,0.063,30142.34067,2.933070624,0.463985294
John Doe,597,37250,1201380,12, false,0,0,32.25181208,0
John Doe,384,43520,1016602,4, false,0,0,23.35942096,0
John Doe,643,231084,867081,21, false,0.08,85763.55596,3.752232954,0.371135847
John Doe,755,115935,532105,15, false,0.067,56509.89458,4.589683875,0.487427391
John Doe,336,272299,1733637,9, false,0,0,6.366666789,0
John Doe,662,271337,992388,4, false,0.055,326520.3296,3.657400207,1.203375616
John Doe,471,99331,233372,28, true,0.085,21959.75285,2.349437738,0.22107653
John Doe,763,9376,1543265,8, false,0,0,164.5973763,0
John Doe,808,278957,815512,2, false,0.055,723276.8189,2.923432644,2.592789638
John Doe,544,257581,1276015,28, false,0,0,4.953839763,0
John Doe,601,96103,726539,4, false,0.055,210645.6972,7.56000333,2.191874314
John Doe,446,277190,697711,10, false,0.063,98420.26267,2.517085753,0.355064262
John Doe,805,243309,512281,13, true,0.067,60619.66482,2.105474931,0.249146825
John Doe,593,256551,1689846,14, false,0,0,6.586783914,0
John Doe,525,11945,874713,30, false,0.085,80958.15594,73.22838008,6.777576889
John Doe,763,202811,1031754,26, false,0,0,5.087268442,0
John Doe,495,249040,76305,22, true,0.08,7500.873573,0.306396563,0.030119152
John Doe,556,230310,1961278,8, false,0,0,8.515817811,0
John Doe,721,25246,1264574,16, false,0,0,50.09007368,0
John Doe,780,53720,1230854,1, false,0,0,22.91239762,0
John Doe,381,182850,133498,28, true,0.085,12524.52782,0.730095707,0.068496187
John Doe,699,66965,1608586,15, false,0,0,24.02129471,0
John Doe,816,152351,1459480,11, false,0,0,9.579720514,0
John Doe,426,136852,905849,23, false,0.08,86581.30693,6.619187151,0.632663804
John Doe,408,104448,929165,9, false,0.063,140423.1186,8.895957797,1.344430899
John Doe,301,20129,1238875,28, false,0,0,61.54677331,0
John Doe,476,186454,965227,11, false,0.063,127326.0857,5.176756734,0.682882028
John Doe,721,1551,1424071,23, false,0,0,918.1631206,0
John Doe,584,181274,1073109,24, false,0,0,5.919817514,0
John Doe,546,121117,956285,7, false,0.059,185367.2823,7.895547281,1.530481124
John Doe,706,158956,664763,7, false,0.059,128858.3536,4.18205667,0.810654229
John Doe,538,253717,935903,13, false,0.067,111706.4278,3.688767406,0.440279634
John Doe,469,9061,921154,27, false,0.085,87506.26995,101.661406,9.657462747
John Doe,817,12255,322800,25, false,0.08,30123.27855,26.34026928,2.458039866
John Doe,745,273284,1559208,21, false,0,0,5.705449276,0
John Doe,336,174385,1950229,21, false,0,0,11.18346761,0
John Doe,518,26013,364966,13, false,0.067,43945.73694,14.03013878,1.689375964
John Doe,332,187035,1495600,30, false,0,0,7.996364317,0
John Doe,737,193080,1006024,25, false,0,0,5.210399834,0
John Doe,657,256155,962640,23, true,0.08,91657.10378,3.758037126,0.357818913
John Doe,429,180586,374397,11, true,0.063,50258.28617,2.073233805,0.278306658
John Doe,720,200919,784081,22, false,0.08,75853.05346,3.902473136,0.377530515
John Doe,781,214268,936217,1, false,0.055,3779248.282,4.369373868,17.63795005
John Doe,305,181773,228106,20, true,0.08,23260.68047,1.254894841,0.127965542
John Doe,711,30746,1146243,29, false,0,0,37.28104469,0
John Doe,830,35224,1926262,30, false,0,0,54.68606632,0
John Doe,827,113640,1760955,18, false,0,0,15.49590813,0
John Doe,383,170613,1795265,30, false,0,0,10.52243967,0
John Doe,324,36079,1160672,11, false,0,0,32.17029297,0
John Doe,736,255795,878491,5, false,0.059,226429.1824,3.434355636,0.885197844
John Doe,551,245451,1844007,17, false,0,0,7.512729628,0
John Doe,845,110883,1382333,7, false,0,0,12.46659091,0
John Doe,321,53232,831260,26, false,0.085,80168.64625,15.61579501,1.506023562
John Doe,346,8099,843949,29, false,0.085,78838.54065,104.2040993,9.734354938
John Doe,661,151930,1519920,18, false,0,0,10.00408083,0
John Doe,307,178119,575037,14, false,0.067,64835.28404,3.22838664,0.363999821
John Doe,687,259925,1756892,30, false,0,0,6.7592267,0
John Doe,656,230863,1634636,17, false,0,0,7.080545605,0
John Doe,585,63673,678877,22, false,0.08,66143.05453,10.66192892,1.038792809
John Doe,468,13859,164890,5, false,0.059,41147.05103,11.89768382,2.968976912
John Doe,647,113141,1843538,5, false,0,0,16.29416392,0
John Doe,833,51575,1268135,17, false,0,0,24.58817256,0
John Doe,783,291566,1917674,27, false,0,0,6.577152343,0
John Doe,645,102340,1221476,7, false,0,0,11.93547,0
John Doe,397,293093,1761154,5, false,0,0,6.008857257,0
John Doe,626,48899,1944605,22, false,0,0,39.76778666,0
John Doe,410,153201,1172291,16, false,0,0,7.651980078,0
John Doe,626,237692,1705332,1, false,0,0,7.17454521,0
John Doe,530,96198,1335769,18, false,0,0,13.88562132,0
John Doe,768,29506,1231090,8, false,0,0,41.7233783,0
John Doe,330,133682,601043,8, false,0.059,104020.7419,4.496065289,0.778120779
John Doe,641,119257,1078405,2, false,0,0,9.042697703,0
John Doe,632,17511,1549045,26, false,0,0,88.46125293,0
John Doe,682,169795,399371,13, true,0.067,47258.70403,2.352077505,0.278328007
John Doe,651,53262,278291,15, false,0.067,29651.54721,5.224944613,0.556711111
John Doe,411,148568,1456935,16, false,0,0,9.806519574,0
John Doe,702,5986,827383,15, false,0.067,87584.08471,138.2196793,14.63148759
John Doe,419,16689,1420228,20, false,0,0,85.09964647,0
John Doe,662,202454,1987252,11, false,0,0,9.81581989,0
John Doe,327,127925,1377010,7, false,0,0,10.76419777,0
John Doe,439,84372,1249905,27, false,0,0,14.81421562,0
John Doe,848,225915,111130,6, true,0.059,22038.04487,0.491910674,0.097550162
John Doe,781,109066,66411,2, false,0.055,48835.66312,0.608906534,0.447762484
John Doe,848,77648,1205960,20, false,0,0,15.53111477,0
John Doe,740,199724,1189416,8, false,0,0,5.955298312,0
John Doe,672,241121,1365987,30, false,0,0,5.665151521,0
John Doe,648,21019,867595,25, false,0.08,80439.44886,41.27670203,3.826987433
John Doe,303,96763,1633092,3, false,0,0,16.87723613,0
John Doe,370,210216,1722709,7, false,0,0,8.194947102,0
John Doe,363,282687,1264772,5, false,0,0,4.474107405,0
John Doe,641,123905,1924770,3, false,0,0,15.53423994,0
John Doe,490,290233,511210,7, false,0.059,91997.45072,1.761377927,0.316977913
John Doe,463,219349,906342,2, false,0.055,706541.4016,4.131963218,3.221083304
John Doe,425,121232,167429,26, true,0.085,16101.82619,1.381062756,0.132818284
John Doe,833,62889,411121,6, false,0.059,90036.05502,6.537248167,1.43166619
John Doe,838,174824,595728,30, true,0.085,55313.57073,3.407587059,0.316395751
John Doe,511,239601,711281,27, false,0.085,67457.89463,2.968606141,0.281542626
John Doe,838,157641,640653,3, false,0.055,314330.0854,4.063999848,1.993961503
John Doe,741,104891,1878031,4, false,0,0,17.9045962,0
John Doe,451,155254,1441075,20, false,0,0,9.282047483,0
John Doe,700,4236,44580,0, false,0.055, Infinity,10.52407932,#VALUE!
John Doe,401,118773,247742,13, true,0.067,28596.18435,2.085844426,0.240763341
John Doe,312,58912,623040,15, false,0.067,66384.10862,10.57577404,1.126835087
John Doe,643,32510,864498,24, false,0.08,82106.44573,26.59175638,2.525575076
John Doe,827,148196,1858512,13, false,0,0,12.54090529,0
John Doe,630,106089,1850881,8, false,0,0,17.44649304,0
John Doe,365,269918,324923,20, true,0.08,33073.25285,1.203784112,0.122530742
John Doe,328,167066,975242,12, false,0.063,120008.6388,5.837465433,0.718330713
John Doe,691,146880,857354,4, false,0.055,253536.5533,5.83710512,1.726147558
John Doe,495,3084,1131849,8, false,0,0,367.0068093,0
John Doe,532,14885,1812523,12, false,0,0,121.7684246,0
John Doe,727,271167,792483,19, true,0.08,82203.35491,2.922490569,0.303146603
John Doe,339,35135,759278,9, false,0.063,113100.1571,21.61030312,3.219016853
John Doe,356,256648,531284,26, true,0.085,50862.35537,2.070088214,0.198179434
John Doe,341,258433,1999990,3, false,0,0,7.738911052,0
John Doe,672,246472,1938281,29, false,0,0,7.86410221,0
John Doe,534,27865,455582,9, false,0.063,70410.78316,16.34961421,2.526853872
John Doe,442,97436,738284,16, false,0.067,77901.5037,7.577117287,0.799514591
John Doe,666,169872,124593,7, true,0.059,21981.87216,0.733452246,0.129402563
John Doe,777,116032,1792219,3, false,0,0,15.44590285,0
John Doe,565,28442,731735,8, false,0.059,124293.5679,25.72726953,4.370071301
John Doe,525,154818,1231253,17, false,0,0,7.952905993,0
John Doe,410,263584,464293,19, true,0.08,48648.02184,1.761461242,0.184563638
John Doe,333,122945,1832263,11, false,0,0,14.90311115,0
John Doe,700,241460,1474507,14, false,0,0,6.106630498,0
John Doe,559,153141,177551,28, true,0.085,16745.48535,1.15939559,0.109346846
John Doe,689,100321,690785,11, false,0.063,89103.37873,6.885746753,0.888182721
John Doe,347,81973,1661790,7, false,0,0,20.27240677,0
John Doe,678,102368,1486694,6, false,0,0,14.52303454,0
John Doe,464,147817,1243651,27, false,0,0,8.413450415,0
John Doe,537,278321,1929710,4, false,0,0,6.933397049,0
John Doe,752,175006,1435619,2, false,0,0,8.203255888,0
John Doe,717,198151,1165732,27, false,0,0,5.883048786,0
John Doe,500,172153,549130,22, true,0.08,53348.34951,3.18977886,0.309889166
John Doe,394,250058,453277,9, false,0.063,70593.11665,1.812687457,0.282306971
John Doe,803,76482,1048248,1, false,0,0,13.70581313,0
John Doe,532,180460,374747,1, false,0.055,461110.2516,2.076620858,2.555193681
John Doe,701,118863,1116975,26, false,0,0,9.397163121,0
John Doe,767,23045,1721553,21, false,0,0,74.70397049,0
John Doe,317,280688,1535427,23, false,0,0,5.470226729,0
John Doe,309,165461,1844363,28, false,0,0,11.14681405,0
John Doe,754,73848,729334,2, false,0.055,536319.4279,9.876151013,7.262477358
John Doe,847,241225,1217159,24, false,0,0,5.045741528,0
John Doe,806,279362,665556,11, true,0.063,84024.90325,2.382414215,0.300774276
John Doe,382,73202,390846,22, false,0.08,38025.29888,5.339280348,0.519457103
John Doe,665,154128,91950,28, true,0.085,8678.877414,0.596582062,0.056309544
John Doe,443,97365,1184178,3, false,0,0,12.16225543,0
John Doe,484,5069,660304,14, false,0.067,75315.35121,130.2631683,14.85802944
John Doe,428,283360,120942,18, true,0.08,12976.92669,0.426813947,0.045796607
John Doe,729,276687,1642197,24, false,0,0,5.935215605,0
John Doe,642,96248,1985547,16, false,0,0,20.6294884,0
John Doe,798,213583,1384232,15, false,0,0,6.481002702,0
John Doe,530,74040,1616010,13, false,0,0,21.82617504,0
John Doe,731,542,1204753,9, false,0,0,2222.791513,0
John Doe,479,173546,1334265,2, false,0,0,7.688249801,0
John Doe,421,226804,1181094,20, false,0,0,5.207553659,0
John Doe,582,265617,847852,1, false,0.055,3422543.293,3.192009548,12.88525694
John Doe,586,240475,1005581,25, false,0,0,4.181644662,0
John Doe,331,75922,132219,16, true,0.067,13951.35059,1.741511024,0.183758997
John Doe,746,196737,1809878,10, false,0,0,9.199479508,0
John Doe,442,112635,1275856,11, false,0,0,11.3273494,0
John Doe,735,247675,1299056,28, false,0,0,5.245002523,0
John Doe,410,24237,66485,20, true,0.08,6719.375347,2.743120023,0.277236265
John Doe,548,80625,1646546,21, false,0,0,20.42227597,0
John Doe,612,273404,209897,26, true,0.085,20130.58631,0.767717371,0.073629451
John Doe,423,189907,1044689,11, false,0,0,5.50105578,0
John Doe,516,13663,1466463,16, false,0,0,107.3309668,0
John Doe,828,137561,467804,16, true,0.067,49361.26888,3.400702234,0.358831856
John Doe,305,239154,95641,1, false,0.055,98514.19096,0.399913863,0.411927841
John Doe,434,141880,1689056,26, false,0,0,11.90482098,0
John Doe,796,252040,216202,29, true,0.085,20154.964,0.857808284,0.079967323
John Doe,777,267742,1721164,8, false,0,0,6.428442306,0
John Doe,331,222497,888724,23, false,0.08,85278.88125,3.994319025,0.383281039
John Doe,381,215115,165173,5, true,0.059,42572.98863,0.767835809,0.197908043
John Doe,652,1044,1744824,18, false,0,0,1671.287356,0
John Doe,606,16969,210897,28, false,0.085,19771.52768,12.42836938,1.165155736
John Doe,420,188451,1131493,26, false,0,0,6.004176152,0
John Doe,353,215913,1715707,3, false,0,0,7.946288551,0
John Doe,781,263506,283933,8, true,0.059,45737.09236,1.077520056,0.173571351
John Doe,343,161127,592414,6, false,0.059,124796.2622,3.676689816,0.774521106
John Doe,458,260378,730793,13, false,0.067,87995.14732,2.806661853,0.337951545
John Doe,501,19909,78032,20, false,0.08,7942.718942,3.919433422,0.398951175
John Doe,821,154656,684439,20, false,0.08,69922.41461,4.425557366,0.452115758
John Doe,584,168060,967968,26, false,0.085,92585.95923,5.759657265,0.550910147
John Doe,604,47944,1757538,27, false,0,0,36.65814283,0
John Doe,508,292229,1938322,8, false,0,0,6.632887222,0
John Doe,550,105150,126231,8, true,0.059,20163.11869,1.200485021,0.191755765
John Doe,741,207607,214486,21, true,0.08,21420.89986,1.033134721,0.103180046
John Doe,765,124597,848570,14, false,0.067,94258.47241,6.810517107,0.756506757
John Doe,337,263426,368462,26, true,0.085,35535.33158,1.398730573,0.134896827
John Doe,611,269398,32644,10, true,0.063,4546.132507,0.121173877,0.016875153
John Doe,321,144544,1449719,5, false,0,0,10.02960344,0
John Doe,754,228025,1988583,25, false,0,0,8.720899024,0
John Doe,682,293149,203738,26, true,0.085,19504.81204,0.694998107,0.066535489
John Doe,422,254028,417693,6, false,0.059,89116.28959,1.644279371,0.350812862
John Doe,742,203734,1255779,10, false,0,0,6.163816545,0
John Doe,790,268697,1584636,20, false,0,0,5.897483039,0
John Doe,709,215877,1000886,8, false,0,0,4.636371638,0
John Doe,368,238259,1747548,19, false,0,0,7.334656823,0
John Doe,580,142043,929552,5, false,0.059,215131.8371,6.544159163,1.514554305
John Doe,616,208836,818071,14, false,0.067,93677.89878,3.917289165,0.448571601
John Doe,571,266121,335234,7, false,0.059,60328.77564,1.259705172,0.226696787
John Doe,530,130498,1188762,12, false,0,0,9.109426964,0
John Doe,710,297379,117324,5, true,0.059,30749.29055,0.39452685,0.103401015
John Doe,399,217037,1268399,4, false,0,0,5.844160212,0
John Doe,754,24107,1752307,29, false,0,0,72.68872112,0
John Doe,343,93686,844248,13, false,0.067,99479.07967,9.011463826,1.061835063
John Doe,646,11717,716394,10, false,0.063,97325.84501,61.14141845,8.306379194
John Doe,764,112231,750977,17, false,0.067,74917.39891,6.691350875,0.66752857
John Doe,446,7255,1683388,1, false,0,0,232.0314266,0
John Doe,820,75703,1244039,7, false,0,0,16.43315324,0
John Doe,503,242011,1889304,7, false,0,0,7.806686473,0
John Doe,335,184852,1195098,29, false,0,0,6.465161318,0
John Doe,611,57667,66210,22, true,0.08,6488.926541,1.148143652,0.112524087
John Doe,526,100589,1961390,14, false,0,0,19.49905059,0
John Doe,782,280677,1436718,13, false,0,0,5.118759286,0
John Doe,321,222755,1211334,19, false,0,0,5.437965478,0
John Doe,370,241353,281053,8, true,0.059,48185.22705,1.164489358,0.199646274
John Doe,633,211384,765757,8, false,0.059,127729.8337,3.622587329,0.604254976
John Doe,755,5600,612882,16, false,0.067,63860.87097,109.4432143,11.40372696
John Doe,307,74863,756780,7, false,0.059,140458.6702,10.10886553,1.876209478
John Doe,426,81098,1319174,14, false,0,0,16.26641841,0
John Doe,808,206097,1202749,7, false,0,0,5.835839435,0
John Doe,672,68631,742966,1, false,0.055,832967.2105,10.82551617,12.13689456
John Doe,328,256469,4087,18, true,0.08,431.8331726,0.015935649,0.001683764
John Doe,552,191626,844659,1, false,0.055,2055140.321,4.407851753,10.72474675
John Doe,621,174585,1907137,26, false,0,0,10.9238308,0
John Doe,357,111115,714508,3, false,0.055,306555.7558,6.430346938,2.75890524
John Doe,537,236771,1154946,1, false,0,0,4.877903122,0
John Doe,803,173136,1992393,5, false,0,0,11.50767605,0
John Doe,693,26110,1308523,21, false,0,0,50.11577939,0
John Doe,796,65207,565541,26, false,0.085,54141.94163,8.673010566,0.830308734
John Doe,317,251448,510954,15, true,0.067,55749.37698,2.032046387,0.221713344
John Doe,592,247309,1364007,13, false,0,0,5.51539572,0
John Doe,512,194831,680298,24, false,0.08,64066.83972,3.491733862,0.328832884
John Doe,741,160555,1979900,29, false,0,0,12.33159976,0
John Doe,736,50967,624548,16, false,0.067,63724.08591,12.25396825,1.250300899
John Doe,598,288532,740297,28, true,0.085,69984.23187,2.56573621,0.242552756
John Doe,670,23748,711024,2, false,0.055,630606.5109,29.94037393,26.55408922
John Doe,617,207435,1525575,22, false,0,0,7.354472485,0
John Doe,549,228787,799978,23, false,0.08,76561.53064,3.496606013,0.334641088
John Doe,473,212368,522751,10, false,0.063,72343.00859,2.461533753,0.340649291
John Doe,672,156359,1943399,22, false,0,0,12.42908307,0
John Doe,740,69469,934888,1, false,0.055,962973.3583,13.45762858,13.86191479
John Doe,507,72784,599026,26, false,0.085,57296.72552,8.230187953,0.787215947
John Doe,762,233201,848447,29, true,0.085,78882.20046,3.638264844,0.338258414
John Doe,357,109763,1529459,24, false,0,0,13.93419458,0
John Doe,788,71803,625643,13, false,0.067,73411.26513,8.713326741,1.0223983
John Doe,519,47923,1328473,18, false,0,0,27.72098992,0
John Doe,795,193514,691759,1, false,0.055,1059153.967,3.574723276,5.473267916
John Doe,708,262984,1791727,7, false,0,0,6.813064673,0
John Doe,562,213934,304,3, true,0.055,122.8248668,0.001420999,0.000574125
John Doe,368,48611,746071,8, false,0.059,127910.396,15.34778137,2.63130559
John Doe,496,98401,72905,24, true,0.08,6924.215471,0.740896942,0.070367328
John Doe,728,69992,58484,18, true,0.08,6261.111653,0.835581209,0.089454676
John Doe,804,170376,835628,28, false,0.085,78690.27495,4.904610978,0.461862439
John Doe,403,55130,419028,19, false,0.08,43638.45206,7.600725558,0.791555452
John Doe,409,160717,1737542,30, false,0,0,10.81118986,0
John Doe,610,98168,157394,26, true,0.085,15054.70684,1.603312688,0.153356561
John Doe,612,66912,288105,15, false,0.067,30497.8622,4.305729914,0.455790624
John Doe,523,190210,1303808,29, false,0,0,6.854571263,0
John Doe,769,74631,353260,16, false,0.067,36808.86578,4.733421768,0.493211478
John Doe,330,299945,1805217,7, false,0,0,6.01849339,0
John Doe,660,15404,1690900,13, false,0,0,109.7701896,0
John Doe,730,198990,1188284,14, false,0,0,5.971576461,0
John Doe,789,288425,1387923,3, false,0,0,4.81207593,0
John Doe,668,147876,922340,27, false,0.085,87691.98562,6.237252833,0.593010263
John Doe,764,75980,405925,11, false,0.063,52649.21138,5.342524349,0.692935133
John Doe,690,268558,1647077,29, false,0,0,6.133040163,0
John Doe,619,140976,391502,16, true,0.067,41178.67236,2.777082624,0.29209704
John Doe,777,201578,1629410,12, false,0,0,8.083272976,0
John Doe,421,291884,520031,7, false,0.059,91748.7737,1.781635855,0.314333001
John Doe,625,161684,108146,19, true,0.08,11195.8687,0.668872616,0.069245372
John Doe,718,60699,397151,3, false,0.055,143907.9912,6.542957874,2.370846162
John Doe,457,28805,1349333,28, false,0,0,46.84370769,0
John Doe,372,209343,137229,8, true,0.059,22105.41024,0.655522277,0.105594217
John Doe,602,163540,513503,2, false,0.055,357434.2892,3.139922955,2.185607736
John Doe,467,200576,588919,18, false,0.08,62225.28999,2.93613892,0.310232979
John Doe,676,72357,41443,19, true,0.08,4342.3441,0.572757301,0.060012771
John Doe,509,52538,419198,25, false,0.08,39250.58021,7.978948571,0.747089349
John Doe,630,129918,1879135,8, false,0,0,14.46400807,0
John Doe,794,198455,1252645,17, false,0,0,6.311985085,0
John Doe,548,39544,1135645,2, false,0,0,28.71851608,0
John Doe,534,72120,364276,21, false,0.08,36203.08004,5.050970605,0.501983916
John Doe,355,180823,1819049,5, false,0,0,10.05983199,0
John Doe,347,107946,333224,8, false,0.059,54137.63818,3.086950883,0.50152519
John Doe,733,91674,1212858,13, false,0,0,13.23011977,0
John Doe,710,24633,1590486,27, false,0,0,64.56728778,0
John Doe,825,104333,1795557,18, false,0,0,17.20986649,0
John Doe,526,142022,1665543,22, false,0,0,11.72735914,0
John Doe,354,127266,1894103,10, false,0,0,14.88302453,0
John Doe,344,169839,1101053,26, false,0,0,6.482922061,0
John Doe,489,122240,492730,3, false,0.055,241753.1221,4.030840969,1.977692426
John Doe,392,8828,128084,6, false,0.059,25400.17042,14.50883552,2.877228186
John Doe,549,284701,754092,5, false,0.059,188177.949,2.64871567,0.660966941
John Doe,446,93132,1161265,25, false,0,0,12.46902246,0
John Doe,541,221197,1282188,25, false,0,0,5.796588561,0
John Doe,633,97229,587257,24, false,0.08,55175.67674,6.039936644,0.567481685
John Doe,461,37512,366186,5, false,0.059,87262.67597,9.761836212,2.326260289
John Doe,477,71082,3396,13, true,0.067,393.5793625,0.047775808,0.005536976
John Doe,717,71017,1260180,16, false,0,0,17.74476534,0
John Doe,575,288299,1557244,17, false,0,0,5.401489426,0
John Doe,778,18754,1814118,22, false,0,0,96.73232377,0
John Doe,792,99593,1101841,1, false,0,0,11.06343819,0
John Doe,542,135234,782146,29, false,0.085,73272.892,5.783649082,0.541823003
John Doe,750,228199,994213,16, false,0.067,103916.7911,4.356780705,0.455377942
John Doe,358,289658,1171875,17, false,0,0,4.045719435,0
John Doe,625,96269,223460,22, true,0.08,21835.37389,2.321204126,0.226816253
John Doe,756,228156,1805757,23, false,0,0,7.914571609,0
John Doe,694,197820,575436,30, true,0.085,53127.44461,2.908886867,0.268564577
John Doe,787,162249,556669,20, true,0.08,56359.26758,3.43095489,0.347362804
John Doe,597,271301,358553,3, false,0.055,149205.6297,1.321605892,0.549963434
John Doe,509,87409,675652,4, false,0.055,199803.6742,7.72977611,2.285847844
John Doe,469,155082,182976,13, true,0.067,22130.73196,1.179866135,0.142703421
John Doe,756,95630,1400926,30, false,0,0,14.64944055,0
John Doe,552,34492,975749,23, false,0.08,93879.99816,28.28913951,2.721790507
John Doe,794,211318,242886,20, true,0.08,24767.84318,1.149386233,0.1172065
John Doe,650,6939,118252,14, false,0.067,13541.1216,17.04164865,1.951451448
John Doe,818,11334,567739,4, false,0.055,178694.8759,50.09167108,15.7662675
John Doe,678,70061,1819517,23, false,0,0,25.97046859,0
John Doe,677,56487,1409365,3, false,0,0,24.95025404,0
John Doe,810,189909,817923,26, false,0.085,78882.39497,4.306920683,0.41536944
John Doe,576,114465,1850266,4, false,0,0,16.16446949,0
John Doe,351,165385,681864,23, false,0.08,65088.8076,4.122889017,0.393559317