name,creditScore,income,loanAmount,monthDuration,approval,rate,yearlyReimbursement,default
John Doe,436,290532,136331,19,1,0.08,13979,1
John Doe,701,94722,150099,20,1,0.08,15091,0
John Doe,670,86878,269819,21,1,0.08,26947,0
John Doe,717,274553,513754,19,1,0.08,53720,1
John Doe,471,278339,206578,13,1,0.07,24874,0
John Doe,827,230820,757193,20,1,0.08,77498,0
John Doe,620,103873,237225,23,1,0.08,22918,0
John Doe,475,78719,209293,10,1,0.06,28607,0
John Doe,625,264765,86406,16,1,0.07,8948,0
John Doe,621,183986,307994,22,1,0.08,29922,0
John Doe,580,66037,168781,26,1,0.09,16187,0
John Doe,397,160982,570189,17,1,0.07,57195,0
John Doe,604,78432,286828,29,1,0.09,26794,0
John Doe,797,159016,173501,28,1,0.09,16302,0
John Doe,549,292454,331306,16,1,0.07,34521,1
John Doe,822,163580,585683,26,1,0.09,56539,0
John Doe,346,34835,10001,26,1,0.09,965,0
John Doe,390,160718,271276,16,1,0.07,28094,1
John Doe,709,198527,353239,23,1,0.08,33676,0
John Doe,626,145519,187437,12,1,0.06,23181,0
John Doe,448,256395,233107,19,1,0.08,24276,0
John Doe,332,279334,259780,29,1,0.09,24302,0
John Doe,454,98234,60333,22,1,0.08,5853,0
John Doe,519,175956,554141,28,1,0.09,52304,0
John Doe,536,270914,359543,25,1,0.08,33627,0
John Doe,388,229230,323577,14,1,0.07,36209,0
John Doe,345,139095,252547,26,1,0.09,24156,0
John Doe,680,280453,241989,16,1,0.07,25372,0
John Doe,649,185754,317668,8,1,0.06,52059,1
John Doe,378,236463,331288,19,1,0.08,34712,0
John Doe,316,76172,121519,16,1,0.07,12782,0
John Doe,397,126642,129249,11,1,0.06,17350,1
John Doe,499,190908,144286,23,1,0.08,13791,0
John Doe,656,40639,158936,28,1,0.09,15013,0
John Doe,475,238604,419217,23,1,0.08,40334,0
John Doe,641,295552,12091,5,1,0.06,3280,0
John Doe,401,106419,71902,30,1,0.09,6672,0
John Doe,342,265165,297347,20,1,0.08,30266,0
John Doe,578,231646,585676,22,1,0.08,57573,0
John Doe,469,276799,436363,14,1,0.07,48831,0
John Doe,809,175139,86124,8,1,0.06,14766,0
John Doe,807,204516,6185,15,1,0.07,657,0
John Doe,756,154874,514523,25,1,0.08,48231,1
John Doe,848,184230,353170,27,1,0.09,33550,0
John Doe,593,136724,260428,21,1,0.08,25966,0
John Doe,525,177833,19557,28,1,0.09,1835,1
John Doe,431,197951,93944,17,1,0.07,9372,0
John Doe,620,208344,46597,4,1,0.06,14991,0
John Doe,347,192454,309680,23,1,0.08,29716,0
John Doe,389,54443,131935,13,1,0.07,15481,0
John Doe,301,81550,46088,21,1,0.08,4544,0
John Doe,682,174334,370370,30,1,0.09,34323,0
John Doe,699,297725,50559,8,1,0.06,8668,0
John Doe,668,166170,81564,12,1,0.06,10244,0
John Doe,797,258482,474059,13,1,0.07,57337,0
John Doe,570,299394,48914,3,1,0.06,17724,0
John Doe,630,229111,435160,16,1,0.07,45484,1
John Doe,578,130819,65165,19,1,0.08,6800,0
John Doe,301,102793,84320,14,1,0.07,9618,0
John Doe,365,152456,78493,20,1,0.08,7919,1
John Doe,832,91952,122960,25,1,0.08,11412,0
John Doe,729,270124,471833,21,1,0.08,47279,0
John Doe,479,153113,552558,21,1,0.08,54915,0
John Doe,791,237872,379134,8,1,0.06,60560,0
John Doe,328,180852,290111,22,1,0.08,28066,0
John Doe,716,150724,241451,6,1,0.06,52878,0
John Doe,595,203211,27730,21,1,0.08,2730,0
John Doe,551,221135,500673,24,1,0.08,47377,0
John Doe,775,215923,95452,14,1,0.07,10722,0
John Doe,760,105801,124136,30,1,0.09,11511,0
John Doe,652,138187,260597,13,1,0.07,30451,1
John Doe,565,184385,188784,22,1,0.08,18474,0
John Doe,376,207371,139835,17,1,0.07,14066,0
John Doe,353,147693,126108,12,1,0.06,15596,1
John Doe,449,159659,265440,7,1,0.06,50884,0
John Doe,536,211075,271517,11,1,0.06,35613,0
John Doe,341,135777,77635,27,1,0.09,7357,0
John Doe,716,257043,40894,6,1,0.06,9077,0
John Doe,599,154991,476445,19,1,0.08,49618,0
John Doe,475,144609,46299,6,1,0.06,9632,0
John Doe,746,131593,45909,10,1,0.06,6353,0
John Doe,352,139382,491451,23,1,0.08,47284,0
John Doe,532,9549,3948,2,1,0.06,2748,0
John Doe,670,195307,498959,10,1,0.06,69931,0
John Doe,372,209040,26672,24,1,0.08,2524,1
John Doe,494,240885,396605,17,1,0.07,39894,0
John Doe,539,98408,12185,16,1,0.07,1262,0
John Doe,322,298979,27056,21,1,0.08,2664,1
John Doe,359,183798,246142,27,1,0.09,23402,0
John Doe,591,223652,130076,8,1,0.06,21317,0
John Doe,608,200123,370793,28,1,0.09,34838,0
John Doe,417,170190,135392,16,1,0.07,14286,0
John Doe,516,261365,200460,23,1,0.08,19111,0
John Doe,812,154825,68641,15,1,0.07,7314,0
John Doe,383,143140,84132,24,1,0.08,7932,0
John Doe,666,245339,286858,29,1,0.09,26706,0
John Doe,586,217086,380005,23,1,0.08,36513,0
John Doe,676,273262,758040,24,1,0.08,71139,0
John Doe,728,293094,273826,11,1,0.06,36542,1
John Doe,653,119808,155683,20,1,0.08,15762,0
John Doe,387,195882,576619,27,1,0.09,54554,0
John Doe,806,263215,774193,28,1,0.09,72905,1
John Doe,721,189748,141487,25,1,0.08,13248,0
John Doe,569,29961,58261,12,1,0.06,6932,0
John Doe,734,293059,675052,23,1,0.08,64439,0
John Doe,635,267426,380586,8,1,0.06,59795,0
John Doe,557,178712,173439,27,1,0.09,16436,0
John Doe,390,119699,287017,9,1,0.06,42451,0
John Doe,602,98768,61913,21,1,0.08,6153,0
John Doe,715,246982,380008,7,1,0.06,72847,0
John Doe,414,196143,397077,18,1,0.08,42703,0
John Doe,472,63325,62171,15,1,0.07,6603,0
John Doe,818,211405,76659,17,1,0.07,7586,1
John Doe,584,207740,572374,25,1,0.08,53473,0
John Doe,508,214005,274557,16,1,0.07,28787,0
John Doe,502,228671,169513,20,1,0.08,17162,1
John Doe,530,263049,88849,3,1,0.06,45235,0
John Doe,387,192493,128370,23,1,0.08,12402,0
John Doe,615,185686,118733,15,1,0.07,12651,0
John Doe,527,29572,46876,10,1,0.06,6790,0
John Doe,665,138471,279240,16,1,0.07,29187,0
John Doe,666,93123,34293,9,1,0.06,5183,0
John Doe,521,189094,519188,29,1,0.09,48535,0
John Doe,392,120351,102330,8,1,0.06,17224,0
John Doe,349,158136,446866,16,1,0.07,46000,0
John Doe,712,104130,30275,26,1,0.09,2914,0
John Doe,724,201094,158475,13,1,0.07,18518,1
John Doe,757,182688,647657,25,1,0.08,60306,0
John Doe,676,211797,43088,4,1,0.06,13562,0
John Doe,620,266629,412786,28,1,0.09,38727,1
John Doe,413,262135,410949,17,1,0.07,40885,0
John Doe,515,159845,462808,29,1,0.09,43144,0
John Doe,588,232012,89143,25,1,0.08,8337,0
John Doe,360,194510,258494,26,1,0.09,24906,0
John Doe,540,197366,179641,28,1,0.09,16854,0
John Doe,543,132537,425505,18,1,0.08,45656,0
John Doe,740,190111,183415,22,1,0.08,17949,0
John Doe,471,99331,233372,28,1,0.09,21960,0
John Doe,805,243309,512281,13,1,0.07,60620,0
John Doe,495,249040,76305,22,1,0.08,7501,0
John Doe,381,182850,133498,28,1,0.09,12525,1
John Doe,657,256155,962640,23,1,0.08,91657,0
John Doe,429,180586,374397,11,1,0.06,50258,0
John Doe,305,181773,228106,20,1,0.08,23261,1
John Doe,682,169795,399371,13,1,0.07,47259,0
John Doe,848,225915,111130,6,1,0.06,22038,0
John Doe,425,121232,167429,26,1,0.09,16102,0
John Doe,838,174824,595728,30,1,0.09,55314,0
John Doe,401,118773,247742,13,1,0.07,28596,0
John Doe,365,269918,324923,20,1,0.08,33073,0
John Doe,727,271167,792483,19,1,0.08,82203,0
John Doe,356,256648,531284,26,1,0.09,50862,0
John Doe,666,169872,124593,7,1,0.06,21982,0
John Doe,410,263584,464293,19,1,0.08,48648,0
John Doe,559,153141,177551,28,1,0.09,16745,1
John Doe,500,172153,549130,22,1,0.08,53348,0
John Doe,806,279362,665556,11,1,0.06,84025,0
John Doe,665,154128,91950,28,1,0.09,8679,1
John Doe,428,283360,120942,18,1,0.08,12977,0
John Doe,331,75922,132219,16,1,0.07,13951,0
John Doe,410,24237,66485,20,1,0.08,6719,0
John Doe,612,273404,209897,26,1,0.09,20131,0
John Doe,828,137561,467804,16,1,0.07,49361,0
John Doe,796,252040,216202,29,1,0.09,20155,0
John Doe,381,215115,165173,5,1,0.06,42573,0
John Doe,781,263506,283933,8,1,0.06,45737,0
John Doe,550,105150,126231,8,1,0.06,20163,0
John Doe,741,207607,214486,21,1,0.08,21421,0
John Doe,337,263426,368462,26,1,0.09,35535,1
John Doe,611,269398,32644,10,1,0.06,4546,0
John Doe,682,293149,203738,26,1,0.09,19505,0
John Doe,710,297379,117324,5,1,0.06,30749,1
John Doe,611,57667,66210,22,1,0.08,6489,0
John Doe,370,241353,281053,8,1,0.06,48185,0
John Doe,328,256469,4087,18,1,0.08,432,0
John Doe,317,251448,510954,15,1,0.07,55749,0
John Doe,598,288532,740297,28,1,0.09,69984,0
John Doe,762,233201,848447,29,1,0.09,78882,0
John Doe,562,213934,304,3,1,0.06,123,0
John Doe,496,98401,72905,24,1,0.08,6924,0
John Doe,728,69992,58484,18,1,0.08,6261,0
John Doe,610,98168,157394,26,1,0.09,15055,0
John Doe,619,140976,391502,16,1,0.07,41179,1
John Doe,625,161684,108146,19,1,0.08,11196,0
John Doe,372,209343,137229,8,1,0.06,22105,0
John Doe,676,72357,41443,19,1,0.08,4342,1
John Doe,477,71082,3396,13,1,0.07,394,0
John Doe,625,96269,223460,22,1,0.08,21835,0
John Doe,694,197820,575436,30,1,0.09,53127,0
John Doe,787,162249,556669,20,1,0.08,56359,0
John Doe,469,155082,182976,13,1,0.07,22131,0
John Doe,794,211318,242886,20,1,0.08,24768,0
John Doe,657,206038,307890,18,1,0.08,32601,0
John Doe,809,56185,18070,21,1,0.08,1787,0
John Doe,757,174455,16317,6,1,0.06,3274,0
John Doe,537,297307,170546,4,1,0.06,48501,0
John Doe,689,213182,178182,28,1,0.09,16717,1
John Doe,654,142952,153943,23,1,0.08,14658,0
John Doe,425,164348,219012,13,1,0.07,25807,0
John Doe,616,188668,46271,15,1,0.07,5031,1
John Doe,616,267072,820994,30,1,0.09,75939,0
John Doe,392,178377,167602,18,1,0.08,17943,0
John Doe,785,107656,267450,11,1,0.06,33944,0
John Doe,635,211444,364714,25,1,0.08,33997,0
John Doe,358,208154,315559,25,1,0.08,29383,0
John Doe,615,223590,15098,7,1,0.06,2690,0
John Doe,729,287768,120435,9,1,0.06,17566,0
John Doe,819,136582,36201,18,1,0.08,3867,0
John Doe,637,194009,590222,15,1,0.07,64625,0
John Doe,612,252873,380324,30,1,0.09,35179,0
John Doe,805,298293,517926,21,1,0.08,51391,1
John Doe,788,235449,667024,25,1,0.08,62042,0
John Doe,489,283068,217110,24,1,0.08,20422,0
John Doe,805,279234,205808,10,1,0.06,28845,1
John Doe,516,209661,398035,12,1,0.06,47356,0
John Doe,750,232922,901565,30,1,0.09,83602,0
John Doe,686,237080,280265,12,1,0.06,34317,0
John Doe,359,205604,615675,30,1,0.09,56912,0
John Doe,506,252311,435748,27,1,0.09,41394,0
John Doe,816,294116,358490,13,1,0.07,43359,0
John Doe,429,160137,488327,24,1,0.08,46153,0
John Doe,706,62383,19931,7,1,0.06,3863,0
John Doe,650,241029,725647,30,1,0.09,67377,0
John Doe,506,275813,112963,28,1,0.09,10590,0
John Doe,384,106882,274142,14,1,0.07,31028,1
John Doe,342,139989,531573,23,1,0.08,50742,0
John Doe,632,278688,374357,15,1,0.07,40563,0
John Doe,764,216038,225349,22,1,0.08,21988,1
John Doe,740,61801,34755,26,1,0.09,3342,0
John Doe,469,115278,317975,14,1,0.07,36556,0
John Doe,600,226356,374295,30,1,0.09,34708,0
John Doe,773,264694,436184,13,1,0.07,51396,0
John Doe,597,223794,594810,13,1,0.07,68657,0
John Doe,840,241652,82576,5,1,0.06,22806,0
John Doe,759,84422,178453,14,1,0.07,20198,0
John Doe,410,264340,208456,5,1,0.06,51209,0
John Doe,748,209359,691008,22,1,0.08,67522,0
John Doe,580,122842,167441,7,1,0.06,30754,0
John Doe,451,115437,56833,24,1,0.08,5371,1
John Doe,487,83503,76337,24,1,0.08,7206,0
John Doe,799,268201,906418,29,1,0.09,84734,0
John Doe,846,234023,575563,22,1,0.08,56324,1
John Doe,518,134826,451055,26,1,0.09,43542,0
John Doe,503,126808,269508,29,1,0.09,25107,0
John Doe,612,191899,13856,29,1,0.09,1298,0
John Doe,627,184703,257356,6,1,0.06,54214,0
John Doe,620,211580,242886,16,1,0.07,25078,0
John Doe,471,227025,389852,17,1,0.07,38998,0
John Doe,643,203961,598320,27,1,0.09,56607,0
John Doe,329,96340,252394,23,1,0.08,24317,0
John Doe,720,100564,12160,21,1,0.08,1197,0
John Doe,808,229690,741881,18,1,0.08,78897,0
John Doe,594,57705,36516,29,1,0.09,3416,1
John Doe,562,292115,584431,21,1,0.08,58368,0
John Doe,722,92116,151156,14,1,0.07,16729,0
John Doe,343,168862,31554,26,1,0.09,3024,1
John Doe,416,246668,119121,28,1,0.09,11209,0
John Doe,533,107531,79496,29,1,0.09,7406,0
John Doe,843,255990,629755,30,1,0.09,58250,0
John Doe,322,113460,57668,19,1,0.08,5982,0
John Doe,336,205239,272020,6,1,0.06,53944,0
John Doe,600,180730,38240,28,1,0.09,3604,0
John Doe,352,175748,507131,26,1,0.09,48507,0
John Doe,403,161149,184477,15,1,0.07,19656,0
John Doe,413,242357,473192,17,1,0.07,47731,0
John Doe,537,262868,143859,9,1,0.06,20983,0
John Doe,388,120975,184583,6,1,0.06,37034,1
John Doe,654,284419,308023,29,1,0.09,28795,0
John Doe,574,128799,355128,16,1,0.07,36235,0
John Doe,730,292944,601328,16,1,0.07,61535,1
John Doe,448,258297,27927,21,1,0.08,2794,0
John Doe,692,103310,135887,27,1,0.09,12930,0
John Doe,780,52488,19277,28,1,0.09,1809,0
John Doe,369,161251,463986,29,1,0.09,43284,0
John Doe,456,274534,136830,8,1,0.06,23681,0
John Doe,807,248249,625396,16,1,0.07,65780,0
John Doe,763,205547,372798,9,1,0.06,58512,0
John Doe,654,112020,91123,13,1,0.07,10876,0
John Doe,367,92535,168257,24,1,0.08,15883,0
John Doe,723,230103,30109,5,1,0.06,8316,0
John Doe,500,169085,305350,26,1,0.09,29312,1
John Doe,672,271633,18912,17,1,0.07,1867,0
John Doe,642,229649,38281,18,1,0.08,4053,0
John Doe,584,147837,159435,17,1,0.07,16220,1
John Doe,666,173871,79916,14,1,0.07,8976,0
John Doe,613,77293,25877,2,1,0.06,17103,0
John Doe,838,270622,203348,22,1,0.08,19870,0
John Doe,330,257844,178348,7,1,0.06,31162,0
John Doe,818,299276,396314,9,1,0.06,60337,0
John Doe,380,298947,136283,5,1,0.06,31541,0
John Doe,537,146438,167741,8,1,0.06,26794,0
John Doe,548,288970,494120,24,1,0.08,46757,0
John Doe,695,69425,266025,26,1,0.09,25681,0
John Doe,499,215351,8881,11,1,0.06,1192,0
John Doe,731,95511,281085,14,1,0.07,31573,1
John Doe,658,82124,223559,13,1,0.07,27039,0
John Doe,820,186503,486282,24,1,0.08,46243,0
John Doe,676,229744,884478,29,1,0.09,82287,1
John Doe,351,171911,269704,26,1,0.09,25890,0
John Doe,583,117601,362432,13,1,0.07,42004,0
John Doe,476,172161,331515,17,1,0.07,32982,0
John Doe,530,176044,158412,23,1,0.08,15201,0
John Doe,671,77442,34693,22,1,0.08,3370,0
John Doe,728,280177,668667,20,1,0.08,67818,0
John Doe,693,184467,530472,26,1,0.09,51016,0
John Doe,748,210655,409300,19,1,0.08,42128,0
John Doe,501,250088,120713,14,1,0.07,13610,0
John Doe,517,230216,137949,16,1,0.07,14200,0
John Doe,661,74523,55297,9,1,0.06,8065,1
John Doe,666,248792,133047,8,1,0.06,22600,0
John Doe,847,289917,830732,13,1,0.07,100029,0
John Doe,399,111048,302687,11,1,0.06,39259,1
John Doe,483,208865,86663,28,1,0.09,8131,0
John Doe,614,263369,360226,11,1,0.06,47793,0
John Doe,814,242213,35838,17,1,0.07,3615,0
John Doe,673,217571,62409,8,1,0.06,10318,0
John Doe,769,258786,762034,14,1,0.07,84646,0
John Doe,452,139957,471355,19,1,0.08,48893,0
John Doe,691,253532,354773,19,1,0.08,36378,0
John Doe,597,255132,363587,24,1,0.08,34447,0
John Doe,396,171709,145832,27,1,0.09,13831,0
John Doe,752,95743,188996,11,1,0.06,25370,0
John Doe,530,283171,247015,24,1,0.08,23263,1
John Doe,620,92412,170314,11,1,0.06,21731,0
John Doe,484,149682,192447,10,1,0.06,27690,0
John Doe,775,50626,150323,24,1,0.08,14157,1
John Doe,317,228611,323295,7,1,0.06,58773,0
John Doe,847,245952,226445,15,1,0.07,23971,0
John Doe,587,214355,304845,10,1,0.06,42725,0
John Doe,592,212170,787048,29,1,0.09,73523,0
John Doe,567,189589,153631,20,1,0.08,15527,0
John Doe,454,29775,19006,27,1,0.09,1798,0
John Doe,485,142691,291538,9,1,0.06,44386,0
John Doe,778,54502,21061,10,1,0.06,2844,0
John Doe,610,295617,391745,9,1,0.06,61485,0
John Doe,423,162448,337488,8,1,0.06,53908,0
John Doe,780,243560,337409,10,1,0.06,46694,1
John Doe,509,283122,170876,19,1,0.08,17588,0
John Doe,481,55392,128882,28,1,0.09,12137,0
John Doe,721,281883,148890,29,1,0.09,13909,1
John Doe,439,126731,267220,22,1,0.08,26150,0
John Doe,819,110504,418331,23,1,0.08,39933,0
John Doe,653,33788,81582,21,1,0.08,8134,0
John Doe,840,144264,180194,12,1,0.06,21744,0
John Doe,620,292787,864475,26,1,0.09,82834,0
John Doe,848,264810,396191,14,1,0.07,45015,0
John Doe,598,166700,289998,18,1,0.08,30448,0
John Doe,750,262366,10170,13,1,0.07,1193,0
John Doe,395,91656,145955,6,1,0.06,29634,0
John Doe,647,243515,551184,25,1,0.08,51212,0
John Doe,427,292297,114870,27,1,0.09,10868,1
John Doe,478,58798,133950,21,1,0.08,13400,0
John Doe,595,175052,5192,15,1,0.07,559,0
John Doe,620,213857,312002,15,1,0.07,33243,1
John Doe,472,90406,58653,6,1,0.06,12202,0
John Doe,816,113175,373859,14,1,0.07,41377,0
John Doe,633,176005,337097,16,1,0.07,34495,0
John Doe,772,267851,844273,23,1,0.08,81563,0
John Doe,822,293745,256887,5,1,0.06,61217,0
John Doe,505,299756,20528,30,1,0.09,1900,0
John Doe,659,34474,96331,12,1,0.06,11680,0
John Doe,563,170193,315009,27,1,0.09,29875,0
John Doe,543,109805,122123,27,1,0.09,11640,0
John Doe,698,181346,422768,23,1,0.08,40356,0
John Doe,606,239236,913375,24,1,0.08,85816,1
John Doe,499,196297,499408,22,1,0.08,48728,0
John Doe,387,198967,358452,10,1,0.06,50895,0
John Doe,503,280917,1452,15,1,0.07,155,1
John Doe,628,276990,397721,8,1,0.06,68832,0
John Doe,817,170573,177085,12,1,0.06,21683,0
John Doe,617,136009,505444,27,1,0.09,47897,0
John Doe,528,76488,92222,27,1,0.09,8775,0
John Doe,401,65735,76449,15,1,0.07,8255,0
John Doe,756,67248,120287,19,1,0.08,12405,0
John Doe,574,104154,222813,30,1,0.09,20635,0
John Doe,574,258173,141523,7,1,0.06,25728,0
John Doe,610,285916,835316,12,1,0.06,103307,0
John Doe,785,266707,610486,24,1,0.08,57560,0
John Doe,644,266428,720452,14,1,0.07,82499,1
John Doe,464,175125,445772,22,1,0.08,43495,0
John Doe,787,216515,472142,21,1,0.08,47076,0
John Doe,420,220759,203551,24,1,0.08,19215,1
John Doe,330,85896,177985,16,1,0.07,18213,0
John Doe,783,181361,103923,18,1,0.08,11151,0
John Doe,432,134679,178349,13,1,0.07,20754,0
John Doe,686,215419,364680,23,1,0.08,34811,0
John Doe,410,173800,323218,9,1,0.06,47143,0
John Doe,700,68650,74491,24,1,0.08,7084,0
John Doe,753,291016,693520,27,1,0.09,66048,0
John Doe,710,143436,166466,15,1,0.07,17737,0
John Doe,677,292982,343042,16,1,0.07,35526,0
John Doe,458,51200,10056,28,1,0.09,949,0
John Doe,526,85255,112154,26,1,0.09,10766,1
John Doe,709,281132,538686,27,1,0.09,51216,0
John Doe,349,114839,80466,27,1,0.09,7676,0
John Doe,728,49600,118156,12,1,0.06,14468,1
John Doe,361,275050,296493,29,1,0.09,27640,0
John Doe,574,69822,175730,15,1,0.07,18663,0
John Doe,756,255461,348267,21,1,0.08,34725,0
John Doe,707,289889,605662,20,1,0.08,61875,0
John Doe,652,165883,68523,30,1,0.09,6367,0
John Doe,480,289016,39125,16,1,0.07,4064,0
John Doe,714,119807,59110,23,1,0.08,5642,0
John Doe,353,70056,143338,28,1,0.09,13519,0
John Doe,346,154625,67047,27,1,0.09,6348,0
John Doe,599,246030,150507,3,1,0.06,68878,0
John Doe,763,258086,177640,26,1,0.09,16976,1
John Doe,323,201546,32733,21,1,0.08,3274,0
John Doe,440,207714,18876,29,1,0.09,1763,0
John Doe,412,238218,38765,19,1,0.08,3990,1
John Doe,316,195842,12458,20,1,0.08,1257,0
John Doe,570,296882,189715,25,1,0.08,17646,0
John Doe,595,239816,175132,24,1,0.08,16633,0
John Doe,762,131011,12812,6,1,0.06,2541,0
John Doe,324,183744,165263,20,1,0.08,16732,0
John Doe,343,165871,218024,9,1,0.06,33442,0
John Doe,739,125672,13916,15,1,0.07,1488,0
John Doe,646,222553,733429,18,1,0.08,77167,0
John Doe,803,167282,155211,4,1,0.06,53518,0
John Doe,464,199625,129910,24,1,0.08,12263,0
John Doe,510,165528,315006,26,1,0.09,30409,1
John Doe,301,242638,539418,19,1,0.08,55628,0
John Doe,765,292396,71587,5,1,0.06,17864,0
John Doe,315,206909,185415,15,1,0.07,19887,1
John Doe,843,168006,330136,24,1,0.08,31054,0
John Doe,602,283443,34633,23,1,0.08,3346,0
John Doe,573,206430,374575,18,1,0.08,40011,0
John Doe,543,97398,369581,24,1,0.08,34846,0
John Doe,481,190147,205054,7,1,0.06,39308,0
John Doe,439,192445,510712,28,1,0.09,48093,0
John Doe,341,216312,523783,22,1,0.08,51181,0
John Doe,823,63548,79803,8,1,0.06,12855,0
John Doe,642,211909,479580,25,1,0.08,44656,0
John Doe,542,279726,503758,16,1,0.07,52654,0
John Doe,517,77322,284005,22,1,0.08,27671,1
John Doe,373,44984,102717,15,1,0.07,10873,0
John Doe,696,193129,8936,12,1,0.06,1063,0
John Doe,328,218208,609665,28,1,0.09,57240,1
John Doe,696,280958,976717,19,1,0.08,100532,0
John Doe,337,131242,172847,25,1,0.08,16094,0
John Doe,377,209191,100861,22,1,0.08,9900,0
John Doe,494,104951,217308,25,1,0.08,20301,0
John Doe,308,119740,79935,26,1,0.09,7666,0
John Doe,546,174404,524953,20,1,0.08,53338,0
John Doe,602,227730,811065,20,1,0.08,81409,0
John Doe,401,113301,225035,18,1,0.08,24092,0
John Doe,581,219753,641426,17,1,0.07,64341,0
John Doe,598,228338,907083,30,1,0.09,83798,0
John Doe,596,95517,116037,14,1,0.07,12796,1
John Doe,802,97575,23549,18,1,0.08,2533,0
John Doe,807,111413,358416,27,1,0.09,34222,0
John Doe,666,299168,467505,11,1,0.06,60303,1
John Doe,667,234380,43619,12,1,0.06,5341,0
John Doe,634,139567,409489,18,1,0.08,43839,0
John Doe,437,81921,224938,23,1,0.08,21613,0
John Doe,491,166507,449894,18,1,0.08,47638,0
John Doe,500,219676,300186,9,1,0.06,47115,0
John Doe,747,126387,145693,22,1,0.08,14300,0
John Doe,709,275793,139778,3,1,0.06,61900,0
John Doe,659,240469,174504,28,1,0.09,16458,0
John Doe,711,164442,97525,29,1,0.09,9130,0
John Doe,497,251583,259118,8,1,0.06,43221,0
John Doe,619,102937,143117,28,1,0.09,13427,1
John Doe,670,254529,873856,30,1,0.09,80930,0
John Doe,614,238656,99593,4,1,0.06,30055,0
John Doe,754,208833,125321,26,1,0.09,12086,1
John Doe,462,100142,112390,25,1,0.08,10454,0
John Doe,568,193779,5472,1,1,0.06,33058,0
John Doe,724,234259,458533,17,1,0.07,45868,0
John Doe,493,155573,376721,13,1,0.07,44578,0
John Doe,645,154982,413678,30,1,0.09,38385,0
John Doe,695,148440,272192,17,1,0.07,26865,0
John Doe,364,74448,70673,23,1,0.08,6738,0
John Doe,830,216357,480941,20,1,0.08,48866,0
John Doe,651,173986,42247,24,1,0.08,4017,0
John Doe,548,265813,76238,30,1,0.09,7043,0
John Doe,848,159212,317266,29,1,0.09,29638,1
John Doe,741,268469,685411,22,1,0.08,66400,0
John Doe,394,226238,338329,13,1,0.07,39052,0
John Doe,541,93170,258290,27,1,0.09,24599,1
John Doe,522,149563,181132,29,1,0.09,16957,0
John Doe,642,203292,368964,17,1,0.07,36909,0
John Doe,617,276431,240567,10,1,0.06,33292,0
John Doe,709,131144,413619,26,1,0.09,39669,0
John Doe,470,254911,12625,3,1,0.06,5591,0
John Doe,437,167900,135577,13,1,0.07,16112,0
John Doe,775,133065,509009,28,1,0.09,48044,0
John Doe,651,55433,60690,11,1,0.06,7828,0
John Doe,323,207092,177231,24,1,0.08,16652,0
John Doe,813,271975,590332,26,1,0.09,56720,0
John Doe,535,190418,74802,29,1,0.09,6998,1
John Doe,450,125212,175756,29,1,0.09,16442,0
John Doe,785,138194,417267,28,1,0.09,39294,0
John Doe,785,191972,158061,5,1,0.06,41426,1
John Doe,705,288033,33234,10,1,0.06,4688,0
John Doe,476,209789,364705,19,1,0.08,37538,0
John Doe,807,119184,30467,24,1,0.08,2890,0
John Doe,659,263231,265734,11,1,0.06,33726,0
John Doe,702,50822,89389,18,1,0.08,9527,0
John Doe,391,295352,481916,29,1,0.09,45147,0
John Doe,794,260360,360815,11,1,0.06,47060,0
John Doe,516,172082,66674,21,1,0.08,6670,0
John Doe,610,230465,81278,7,1,0.06,15755,0
John Doe,740,239403,778940,18,1,0.08,81956,0
John Doe,599,285602,305654,23,1,0.08,29291,1
John Doe,766,270163,249692,17,1,0.07,24709,0
John Doe,717,178241,508803,22,1,0.08,50016,0
John Doe,353,86168,92534,17,1,0.07,9231,1
John Doe,325,212677,297395,25,1,0.08,27692,0
John Doe,737,289502,211373,27,1,0.09,20182,0
John Doe,488,72584,91725,8,1,0.06,14902,0
John Doe,622,285474,546764,10,1,0.06,77127,0
John Doe,763,289803,114114,16,1,0.07,12041,0
John Doe,848,230751,449909,9,1,0.06,70614,0
John Doe,800,196747,304286,12,1,0.06,38215,0
John Doe,417,117408,231928,19,1,0.08,23872,0
John Doe,842,278166,428050,24,1,0.08,40654,0
John Doe,398,168755,474963,21,1,0.08,47053,0
John Doe,613,92767,202775,16,1,0.07,21328,1
John Doe,551,208952,95762,11,1,0.06,12632,0
John Doe,689,238093,572336,10,1,0.06,78713,0
John Doe,618,278460,24235,23,1,0.08,2335,1
John Doe,502,179269,524446,22,1,0.08,51171,0
John Doe,305,148529,296415,25,1,0.08,27511,0
John Doe,304,170632,200296,23,1,0.08,19095,0
John Doe,829,240505,495095,14,1,0.07,56694,0
John Doe,419,216703,366531,25,1,0.08,34055,0
John Doe,841,206398,564971,30,1,0.09,52356,0
John Doe,702,224647,421771,26,1,0.09,40488,0
John Doe,332,201049,252429,23,1,0.08,24320,0
John Doe,672,287823,181804,20,1,0.08,18279,0
John Doe,836,49731,74220,14,1,0.07,8185,0
John Doe,798,289196,411213,28,1,0.09,38874,1
John Doe,444,286771,59796,13,1,0.07,7232,0
John Doe,814,265869,110942,2,1,0.06,58705,0
John Doe,673,97699,233130,27,1,0.09,22128,1
John Doe,643,207024,717042,30,1,0.09,66283,0
John Doe,844,245844,142662,22,1,0.08,13821,0
John Doe,786,230361,246792,13,1,0.07,28838,0
John Doe,550,163431,253228,18,1,0.08,27110,0
John Doe,455,229143,588340,25,1,0.08,54606,0
John Doe,689,55862,8636,3,1,0.06,4397,0
John Doe,385,293192,560830,15,1,0.07,59953,0
John Doe,725,98553,66652,20,1,0.08,6713,0
John Doe,367,125395,76458,28,1,0.09,7217,0
John Doe,314,206361,159091,4,1,0.06,46125,0
John Doe,628,290980,433443,11,1,0.06,54721,1
John Doe,619,174792,108934,25,1,0.08,10089,0
John Doe,746,170108,595569,28,1,0.09,56258,0
John Doe,406,153319,168534,4,1,0.06,55452,1
John Doe,427,211969,330119,22,1,0.08,32305,0
John Doe,443,177760,29022,16,1,0.07,2979,0
John Doe,777,174620,189289,12,1,0.06,22733,0
John Doe,831,275270,766468,15,1,0.07,81936,0
John Doe,753,55383,109859,14,1,0.07,12531,0
John Doe,681,42209,118119,14,1,0.07,13526,0
John Doe,449,237361,143473,13,1,0.07,16561,0
John Doe,343,261374,455784,16,1,0.07,48093,0
John Doe,520,173758,71998,13,1,0.07,8556,0
John Doe,527,54473,121495,27,1,0.09,11504,0
John Doe,682,150174,11090,21,1,0.08,1092,1
John Doe,631,251814,472424,18,1,0.08,49811,0
John Doe,821,228669,5767,1,1,0.06,14032,0
John Doe,511,178293,636053,30,1,0.09,58981,1
John Doe,643,283764,541418,17,1,0.07,54613,0
John Doe,339,156264,458459,14,1,0.07,51496,0
John Doe,581,232652,872850,24,1,0.08,82495,0
John Doe,428,218505,203526,15,1,0.07,21545,0
John Doe,559,213198,145313,25,1,0.08,13473,0
John Doe,561,26907,17647,21,1,0.08,1740,0
John Doe,506,227773,243891,14,1,0.07,27191,0
John Doe,760,292429,114787,26,1,0.09,11060,0
John Doe,428,189508,150896,13,1,0.07,17632,0
John Doe,587,100116,204996,8,1,0.06,32208,0
John Doe,344,220527,60854,28,1,0.09,5735,1
John Doe,328,212660,405351,30,1,0.09,37424,0
John Doe,330,222880,97592,10,1,0.06,13591,0
John Doe,778,233552,176787,21,1,0.08,17405,1
John Doe,659,277185,302273,6,1,0.06,59943,0
John Doe,391,233170,163709,17,1,0.07,16513,0
John Doe,489,198531,225280,21,1,0.08,22499,0
John Doe,431,152951,207591,28,1,0.09,19625,0
John Doe,608,157949,432752,17,1,0.07,43530,0
John Doe,323,227836,308997,17,1,0.07,30826,0
John Doe,475,216295,270804,24,1,0.08,25688,0
John Doe,720,275781,641932,18,1,0.08,68418,0
John Doe,785,264625,32945,27,1,0.09,3140,0
John Doe,471,101599,44319,11,1,0.06,5655,0
John Doe,424,133915,76409,16,1,0.07,7796,1
John Doe,666,49826,14884,3,1,0.06,6194,0
John Doe,498,222153,431425,20,1,0.08,43757,0
John Doe,775,168961,206011,20,1,0.08,20678,1
John Doe,624,247539,419471,9,1,0.06,61608,0
John Doe,653,249403,601835,21,1,0.08,59909,0
John Doe,568,94469,295429,18,1,0.08,31019,0
John Doe,608,276943,19000,5,1,0.06,4980,0
John Doe,811,135366,204590,16,1,0.07,21519,0
John Doe,324,245900,456031,30,1,0.09,42155,0
John Doe,775,219694,393180,11,1,0.06,51571,0
John Doe,468,115658,251090,23,1,0.08,23968,0
John Doe,660,50306,147015,26,1,0.09,14178,0
John Doe,538,27228,29755,13,1,0.07,3491,0
John Doe,596,225675,300894,27,1,0.09,28608,1
John Doe,412,206268,279908,28,1,0.09,26319,0
John Doe,726,267947,393354,28,1,0.09,37127,0
John Doe,632,244132,302155,6,1,0.06,59920,1
John Doe,797,253182,355068,24,1,0.08,33558,0
John Doe,331,225348,218550,15,1,0.07,23763,0
John Doe,597,281592,468674,8,1,0.06,73635,0
John Doe,575,51911,110787,12,1,0.06,13565,0
John Doe,835,180056,630098,23,1,0.08,60872,0
John Doe,836,65902,83800,8,1,0.06,13615,0
John Doe,352,196512,364382,13,1,0.07,43682,0
John Doe,799,240979,929923,29,1,0.09,86631,0
John Doe,753,288979,218365,24,1,0.08,20564,0
John Doe,755,280592,695752,17,1,0.07,70581,0
John Doe,579,245010,131493,16,1,0.07,13875,1
John Doe,663,270735,86851,11,1,0.06,11142,0
John Doe,316,262394,432630,27,1,0.09,41098,0
John Doe,483,100547,380151,23,1,0.08,36576,1
John Doe,615,212545,267207,16,1,0.07,27842,0
John Doe,676,166031,32294,19,1,0.08,3318,0
John Doe,354,142303,158101,24,1,0.08,15035,0
John Doe,599,212779,732186,26,1,0.09,70481,0
John Doe,346,212984,519550,23,1,0.08,50123,0
John Doe,555,142921,309625,23,1,0.08,29750,0
John Doe,501,248634,533511,16,1,0.07,55084,0
John Doe,388,121964,123971,30,1,0.09,11489,0
John Doe,428,232706,455433,16,1,0.07,47165,0
John Doe,673,231767,256000,26,1,0.09,24552,0
John Doe,664,237005,244659,17,1,0.07,24407,1
John Doe,548,220470,107263,13,1,0.07,12586,0
John Doe,648,144295,301325,27,1,0.09,28578,0
John Doe,366,240038,562610,23,1,0.08,53705,1
John Doe,541,140336,438245,14,1,0.07,48859,0
John Doe,444,102763,229689,14,1,0.07,26302,0
John Doe,434,156882,405121,11,1,0.06,53749,0
John Doe,754,275833,666488,23,1,0.08,64388,0
John Doe,665,161282,348244,15,1,0.07,37864,0
John Doe,816,66863,157410,27,1,0.09,14893,0
John Doe,423,281356,533615,24,1,0.08,50744,0
John Doe,803,151490,47863,28,1,0.09,4518,0
John Doe,829,118923,138915,10,1,0.06,19224,0
John Doe,429,231563,307363,29,1,0.09,28693,0
John Doe,751,147141,273223,25,1,0.08,25497,1
John Doe,526,267572,390024,15,1,0.07,41287,0
John Doe,783,240530,725250,20,1,0.08,73171,0
John Doe,593,240919,406953,17,1,0.07,40379,1
John Doe,684,83029,33045,19,1,0.08,3421,0
John Doe,451,151321,166845,24,1,0.08,15750,0
John Doe,576,203679,280931,26,1,0.09,26992,0
John Doe,648,294186,550933,23,1,0.08,53151,0
John Doe,359,85986,101299,30,1,0.09,9358,0
John Doe,748,297535,396171,25,1,0.08,36849,0
John Doe,682,221395,67542,9,1,0.06,10439,0
John Doe,763,254896,937199,28,1,0.09,88391,0
John Doe,447,218068,446706,21,1,0.08,43979,0
John Doe,690,136205,469082,26,1,0.09,45154,0
John Doe,438,163150,85742,11,1,0.06,10825,1
John Doe,441,79704,136503,14,1,0.07,15163,0
John Doe,586,260583,160162,8,1,0.06,27719,0
John Doe,736,73951,52399,9,1,0.06,8098,1
John Doe,626,146827,16627,3,1,0.06,6183,0
John Doe,743,292852,516172,14,1,0.07,57336,0
John Doe,451,199557,542905,29,1,0.09,50611,0
John Doe,839,128687,448739,30,1,0.09,41693,0
John Doe,823,122038,188467,29,1,0.09,17594,0
John Doe,531,104713,209159,9,1,0.06,30935,0
John Doe,496,167663,339708,23,1,0.08,32684,0
John Doe,710,215930,733152,30,1,0.09,68029,0
John Doe,685,212060,560627,28,1,0.09,52636,0
John Doe,532,149613,325259,26,1,0.09,31252,0
John Doe,378,212812,113792,26,1,0.09,10985,1
John Doe,409,273973,323188,25,1,0.08,29933,0
John Doe,627,287721,490762,13,1,0.07,56647,0
John Doe,311,191203,155471,30,1,0.09,14445,1
John Doe,665,264613,305724,20,1,0.08,30791,0
John Doe,724,104044,223515,9,1,0.06,32601,0
John Doe,319,278812,208574,9,1,0.06,32483,0
John Doe,596,250627,843897,24,1,0.08,80150,0
John Doe,536,248500,484550,22,1,0.08,47210,0
John Doe,718,280855,91330,15,1,0.07,9930,0
John Doe,843,239785,315601,7,1,0.06,57374,0
John Doe,491,224819,69813,14,1,0.07,7932,0
John Doe,349,127891,199646,28,1,0.09,18800,0
John Doe,707,247454,308032,27,1,0.09,29214,0
John Doe,371,123898,287517,22,1,0.08,27854,1
John Doe,737,295211,873840,24,1,0.08,82891,0
John Doe,611,177313,474471,20,1,0.08,48472,0
John Doe,499,199604,73842,2,1,0.06,57564,1
John Doe,628,253930,378127,11,1,0.06,50461,0
John Doe,410,220953,259798,26,1,0.09,24828,0
John Doe,793,270726,354977,12,1,0.06,43042,0
John Doe,612,178914,79536,23,1,0.08,7573,0
John Doe,470,271401,60468,14,1,0.07,6792,0
John Doe,576,72355,120661,16,1,0.07,12311,0
John Doe,329,278849,161971,8,1,0.06,25448,0
John Doe,748,289024,134395,24,1,0.08,12642,0
John Doe,708,213344,836270,30,1,0.09,77498,0
John Doe,841,58211,30361,14,1,0.07,3436,0
John Doe,781,206963,239421,25,1,0.08,22367,1
John Doe,812,283673,280211,25,1,0.08,26120,0
John Doe,451,293859,520498,18,1,0.08,55233,0
John Doe,524,259795,501236,22,1,0.08,49198,1
John Doe,834,97532,352726,23,1,0.08,33670,0
John Doe,312,171326,172273,14,1,0.07,19278,0
John Doe,702,110467,384476,27,1,0.09,36554,0
John Doe,686,141844,385010,17,1,0.07,38946,0
John Doe,620,90222,140444,19,1,0.08,14428,0
John Doe,453,284939,158298,7,1,0.06,27928,0
John Doe,390,211529,262641,28,1,0.09,24623,0
John Doe,493,168718,230784,5,1,0.06,56695,0
John Doe,532,69035,199546,25,1,0.08,18601,0
John Doe,358,71479,48054,8,1,0.06,7875,0
John Doe,741,195228,398787,26,1,0.09,38281,1
John Doe,515,242634,122853,22,1,0.08,11987,0
John Doe,676,286441,310589,25,1,0.08,29081,0
John Doe,398,110443,304900,17,1,0.07,30334,1
John Doe,802,233082,402936,20,1,0.08,40513,0
John Doe,587,208463,473731,26,1,0.09,45688,0
John Doe,828,250459,893041,27,1,0.09,84978,0
John Doe,632,294993,191300,8,1,0.06,31350,0
John Doe,666,127762,227915,23,1,0.08,21813,0
John Doe,400,272824,240670,22,1,0.08,23622,0
John Doe,812,242030,23645,30,1,0.09,2193,0
John Doe,502,39134,19782,17,1,0.07,1968,0
John Doe,625,198755,570568,20,1,0.08,58397,0
John Doe,640,201724,37748,8,1,0.06,6241,0
John Doe,307,108458,189093,21,1,0.08,18948,1
John Doe,737,126829,189252,21,1,0.08,18632,0
John Doe,385,153255,30009,18,1,0.08,3213,0
John Doe,686,202539,479760,30,1,0.09,44348,1
John Doe,485,138492,415668,20,1,0.08,42543,0
John Doe,441,287208,447451,17,1,0.07,45135,0
John Doe,792,233040,136465,5,1,0.06,32520,0
John Doe,748,122841,59846,10,1,0.06,8442,0
John Doe,756,94280,282450,24,1,0.08,26507,0
John Doe,666,114098,187646,21,1,0.08,18740,0
John Doe,781,258321,519773,23,1,0.08,50009,0
John Doe,751,225803,341222,16,1,0.07,35555,0
John Doe,774,297442,768600,23,1,0.08,73463,0
John Doe,312,255233,297800,29,1,0.09,27724,0
John Doe,664,102214,258973,14,1,0.07,29655,1
John Doe,772,244968,64514,10,1,0.06,9221,0
John Doe,711,220978,176016,16,1,0.07,18228,0
John Doe,346,171011,299291,10,1,0.06,41947,1
John Doe,750,233003,177907,9,1,0.06,26313,0
John Doe,491,216944,408195,23,1,0.08,38866,0
John Doe,675,268506,643318,28,1,0.09,60816,0
John Doe,412,257800,276960,17,1,0.07,27630,0
John Doe,437,63418,164113,11,1,0.06,21774,0
John Doe,495,190735,504627,16,1,0.07,53077,0
John Doe,758,187520,293069,12,1,0.06,36064,0
John Doe,450,284177,444188,12,1,0.06,53859,0
John Doe,846,148480,385200,20,1,0.08,38931,0
John Doe,631,235353,297491,28,1,0.09,28123,0
John Doe,533,220308,161096,15,1,0.07,17516,1
John Doe,336,136603,111929,24,1,0.08,10631,0
John Doe,781,246137,322577,11,1,0.06,40940,0
John Doe,520,100020,121693,6,1,0.06,24133,1
John Doe,493,219071,112712,16,1,0.07,11893,0
John Doe,559,133039,398793,26,1,0.09,38111,0
John Doe,638,296516,444131,15,1,0.07,47636,0
John Doe,649,238680,480078,21,1,0.08,47789,0
John Doe,844,140416,147545,5,1,0.06,37413,0
John Doe,437,32217,111760,24,1,0.08,10588,0
John Doe,651,257634,255881,19,1,0.08,26811,0
John Doe,319,22511,60030,21,1,0.08,5985,0
John Doe,637,277680,813469,15,1,0.07,86391,0
John Doe,412,160445,551542,26,1,0.09,52897,0
John Doe,605,262127,937851,23,1,0.08,89297,1
John Doe,551,137885,278136,12,1,0.06,33246,0
John Doe,618,278270,678253,17,1,0.07,69003,0
John Doe,306,65485,186195,19,1,0.08,19469,1
John Doe,703,202994,175690,29,1,0.09,16356,0
John Doe,653,286011,177483,14,1,0.07,19787,0
John Doe,602,228003,167675,9,1,0.06,25157,0
John Doe,744,100059,133238,19,1,0.08,13821,0
John Doe,835,177137,445104,18,1,0.08,47440,0
John Doe,353,34886,114708,15,1,0.07,12560,0
John Doe,833,142982,403821,18,1,0.08,42488,0
John Doe,838,157486,181116,25,1,0.08,16939,0
John Doe,840,50252,25208,24,1,0.08,2377,0
John Doe,557,225149,75220,19,1,0.08,7742,0
John Doe,769,95340,102722,15,1,0.07,11247,1
John Doe,818,265325,153536,3,1,0.06,62033,0
John Doe,620,56193,101549,18,1,0.08,10707,0
John Doe,817,290738,311231,4,1,0.06,102403,1
John Doe,570,298575,365234,14,1,0.07,40570,0
John Doe,720,174623,39083,28,1,0.09,3689,0
John Doe,533,131773,88547,17,1,0.07,8833,0
John Doe,387,127664,50442,12,1,0.06,6335,0
John Doe,315,38467,24478,28,1,0.09,2296,0
John Doe,778,283357,259533,28,1,0.09,24440,0
John Doe,700,215237,125903,17,1,0.07,12459,0
John Doe,314,294629,555268,15,1,0.07,59757,0
John Doe,772,276002,303337,27,1,0.09,28768,0
John Doe,577,248687,67226,21,1,0.08,6660,0
John Doe,512,287486,108907,27,1,0.09,10390,1
John Doe,738,195766,594694,28,1,0.09,55959,0
John Doe,531,197064,29997,14,1,0.07,3320,0
John Doe,825,235801,150277,3,1,0.06,54453,1
John Doe,609,205042,179338,20,1,0.08,18062,0
John Doe,735,189968,403472,21,1,0.08,39908,0
John Doe,581,293645,789238,20,1,0.08,80190,0
John Doe,515,273477,460126,30,1,0.09,42668,0
John Doe,353,167791,104321,9,1,0.06,15766,0
John Doe,488,260875,365586,24,1,0.08,34552,0
John Doe,530,196087,16500,16,1,0.07,1693,0
John Doe,552,260955,529762,28,1,0.09,49775,0
John Doe,369,256661,386953,21,1,0.08,38155,0
John Doe,387,254280,96666,22,1,0.08,9391,0
John Doe,367,181262,235820,28,1,0.09,22140,1
John Doe,440,147736,265849,28,1,0.09,24960,0
John Doe,352,123749,51544,24,1,0.08,4854,0
John Doe,504,85573,127467,11,1,0.06,17111,1
John Doe,393,219282,171268,6,1,0.06,38015,0
John Doe,829,178837,5188,15,1,0.07,558,0
John Doe,381,272004,71770,29,1,0.09,6677,0
John Doe,545,179412,380109,11,1,0.06,50725,0
John Doe,720,245012,347769,5,1,0.06,81660,0
John Doe,579,69331,88276,10,1,0.06,12702,0
John Doe,532,188118,28847,7,1,0.06,5191,0
John Doe,419,249434,442623,27,1,0.09,42083,0
John Doe,719,68433,55262,3,1,0.06,20024,0
John Doe,499,254431,320649,22,1,0.08,31379,0
John Doe,734,248930,156145,13,1,0.07,18322,1
John Doe,562,246481,447154,16,1,0.07,46030,0
John Doe,403,130456,336724,19,1,0.08,34725,0
John Doe,522,198156,30847,28,1,0.09,2914,1
John Doe,599,164942,303797,27,1,0.09,28742,0
John Doe,513,263613,63472,24,1,0.08,5970,0
John Doe,462,171519,40500,7,1,0.06,7597,0
John Doe,488,164060,563891,21,1,0.08,56504,0
John Doe,396,185183,31041,19,1,0.08,3226,0
John Doe,800,66313,125910,25,1,0.08,11711,0
John Doe,691,213677,2460,30,1,0.09,228,0
John Doe,501,214810,63967,16,1,0.07,6750,0
John Doe,778,162399,609165,24,1,0.08,57234,0
John Doe,753,53748,138237,13,1,0.07,16572,0
John Doe,409,150610,186793,5,1,0.06,46613,1
John Doe,619,211710,11242,16,1,0.07,1179,0
John Doe,315,87551,90777,23,1,0.08,8722,0
John Doe,449,137534,443325,19,1,0.08,45631,1
John Doe,696,292012,142973,12,1,0.06,17336,0
John Doe,388,220948,106443,7,1,0.06,18599,0
John Doe,559,163618,352765,16,1,0.07,36757,0
John Doe,609,72540,244175,27,1,0.09,23235,0
John Doe,788,42974,47938,13,1,0.07,5649,0
John Doe,595,273697,254755,12,1,0.06,31194,0
John Doe,713,202704,527250,21,1,0.08,51908,0
John Doe,844,229983,722224,18,1,0.08,77494,0
John Doe,380,186941,411339,25,1,0.08,38343,0
John Doe,673,249610,327534,7,1,0.06,58943,0
John Doe,725,218883,113132,10,1,0.06,16278,1
John Doe,619,247810,581557,20,1,0.08,58673,0
John Doe,470,201888,195980,27,1,0.09,18696,0
John Doe,532,152672,240851,21,1,0.08,23898,1
John Doe,635,287136,160520,8,1,0.06,26306,0
John Doe,626,155147,283808,9,1,0.06,43533,0
John Doe,842,152774,374121,28,1,0.09,35231,0
John Doe,352,41034,31846,25,1,0.08,2962,0
John Doe,463,259882,488226,16,1,0.07,51516,0
John Doe,575,185806,294458,8,1,0.06,46645,0
John Doe,342,154439,191762,11,1,0.06,25296,0
John Doe,559,215416,270961,23,1,0.08,25932,0
John Doe,526,136934,53045,20,1,0.08,5419,0
John Doe,542,248232,297471,23,1,0.08,28323,0
John Doe,623,77154,124035,15,1,0.07,13173,1
John Doe,660,228693,673702,23,1,0.08,64476,0
John Doe,390,88498,195647,13,1,0.07,22957,0
John Doe,818,200910,543991,20,1,0.08,54979,1
John Doe,714,67781,17084,18,1,0.08,1829,0
John Doe,528,232451,219233,19,1,0.08,22652,0
John Doe,768,93415,60311,27,1,0.09,5749,0
John Doe,652,119899,396518,18,1,0.08,41807,0
John Doe,537,249009,62589,7,1,0.06,11152,0
John Doe,610,185490,104975,17,1,0.07,10472,0
John Doe,359,288519,447138,24,1,0.08,42520,0
John Doe,719,282500,760207,13,1,0.07,89201,0
John Doe,789,290063,849722,22,1,0.08,83402,0
John Doe,848,229474,346990,11,1,0.06,44275,0
John Doe,838,267304,570008,30,1,0.09,52790,1
John Doe,483,231858,241461,22,1,0.08,23458,0
John Doe,333,151986,375352,25,1,0.08,34838,0
John Doe,789,262482,84467,10,1,0.06,11475,1
John Doe,585,136533,108368,12,1,0.06,13470,0
John Doe,651,285235,839076,24,1,0.08,78835,0
John Doe,671,63627,39551,5,1,0.06,10923,0
John Doe,416,295157,56961,25,1,0.08,5321,0
John Doe,655,283917,150316,6,1,0.06,32919,0
John Doe,808,273587,729986,13,1,0.07,88291,0
John Doe,500,291388,37910,10,1,0.06,5150,0
John Doe,365,183311,441367,28,1,0.09,41532,0
John Doe,690,163429,931,26,1,0.09,89,0
John Doe,428,232065,172782,27,1,0.09,16483,0
John Doe,528,172939,415305,27,1,0.09,39292,1
John Doe,605,135380,274889,29,1,0.09,25591,0
John Doe,590,56046,34111,12,1,0.06,4156,0
John Doe,588,242259,92208,23,1,0.08,8813,1
John Doe,771,246000,280897,13,1,0.07,32555,0
John Doe,749,97091,356144,24,1,0.08,33619,0
John Doe,540,250701,42356,30,1,0.09,3928,0
John Doe,377,109121,62575,8,1,0.06,10438,0
John Doe,516,148843,205313,11,1,0.06,26629,0
John Doe,700,14159,598,15,1,0.07,64,0
John Doe,443,287266,34133,16,1,0.07,3602,0
John Doe,727,145672,197969,11,1,0.06,25126,0
John Doe,516,181955,423482,21,1,0.08,41887,0
John Doe,701,248099,551818,26,1,0.09,52875,0
John Doe,702,107535,275119,22,1,0.08,27045,1
John Doe,472,159988,284450,17,1,0.07,28074,0
John Doe,610,63681,30004,24,1,0.08,2819,0
John Doe,505,138771,203825,25,1,0.08,18938,1
John Doe,783,177810,328446,12,1,0.06,40827,0
John Doe,649,120688,389465,24,1,0.08,36899,0
John Doe,586,215506,556178,17,1,0.07,55038,0
John Doe,415,168790,346524,16,1,0.07,36564,0
John Doe,301,223073,224990,26,1,0.09,21618,0
John Doe,355,154336,475147,19,1,0.08,49384,0
John Doe,368,243083,46190,20,1,0.08,4728,0
John Doe,361,64676,118627,23,1,0.08,11324,0
John Doe,629,254187,238227,9,1,0.06,36269,0
John Doe,770,190507,688915,23,1,0.08,65932,0
John Doe,335,134582,202396,27,1,0.09,19292,1
John Doe,841,294952,972831,22,1,0.08,94511,0
John Doe,718,231955,839224,21,1,0.08,83676,0
John Doe,675,280824,724604,30,1,0.09,67150,1
John Doe,456,292524,178982,17,1,0.07,17904,0
John Doe,361,73570,209365,18,1,0.08,22516,0
John Doe,387,136417,419217,28,1,0.09,39477,0
John Doe,685,238922,878404,23,1,0.08,84401,0
John Doe,598,254753,620124,12,1,0.06,77083,0
John Doe,307,71907,179762,15,1,0.07,19281,0
John Doe,834,246409,368118,8,1,0.06,62529,0
John Doe,482,284739,537515,29,1,0.09,50248,0
John Doe,825,141900,4791,14,1,0.07,549,0
John Doe,541,217784,289344,23,1,0.08,27839,0
John Doe,649,194651,410813,18,1,0.08,43980,1
John Doe,513,292520,258424,25,1,0.08,24224,0
John Doe,510,82025,82301,29,1,0.09,7678,0
John Doe,681,280107,464287,15,1,0.07,50136,1
John Doe,625,46744,42995,7,1,0.06,7897,0
John Doe,508,233780,123373,9,1,0.06,18120,0
John Doe,310,205183,217186,10,1,0.06,30837,0
John Doe,611,230884,731332,29,1,0.09,68130,0
John Doe,606,211723,56653,7,1,0.06,10195,0
John Doe,628,151308,345128,20,1,0.08,35258,0
John Doe,770,230149,825881,28,1,0.09,77426,0
John Doe,785,42472,120437,30,1,0.09,11133,0
John Doe,611,89772,199276,28,1,0.09,18737,0
John Doe,780,56258,51019,30,1,0.09,4737,0
John Doe,826,249648,737777,28,1,0.09,69529,1
John Doe,613,214232,286554,16,1,0.07,29586,0
John Doe,616,242936,45758,18,1,0.08,4877,0
John Doe,809,238611,383897,17,1,0.07,38194,1
John Doe,580,39475,118816,13,1,0.07,14060,0
John Doe,792,179930,466792,28,1,0.09,44059,0
John Doe,513,276913,178464,27,1,0.09,16996,0
John Doe,367,154514,161287,21,1,0.08,16004,0
John Doe,643,146680,277948,13,1,0.07,32890,0
John Doe,843,234039,258637,20,1,0.08,26004,0
John Doe,736,277206,790282,28,1,0.09,74197,0
John Doe,418,215089,447765,23,1,0.08,42798,0
John Doe,807,105644,69509,21,1,0.08,6908,0
John Doe,584,216394,217781,6,1,0.06,49692,0
John Doe,521,110122,122073,29,1,0.09,11365,1
John Doe,456,281681,68739,11,1,0.06,9120,0
John Doe,835,182128,540450,30,1,0.09,50116,0
John Doe,687,258240,705031,13,1,0.07,83075,1
John Doe,842,150760,463835,14,1,0.07,53325,0
John Doe,722,264727,658428,30,1,0.09,60940,0
John Doe,529,249803,329382,29,1,0.09,30748,0
John Doe,845,237559,458349,18,1,0.08,48429,0
John Doe,741,273043,156054,25,1,0.08,14453,0
John Doe,550,214127,401282,28,1,0.09,37935,0
John Doe,683,102850,91577,22,1,0.08,8884,0
John Doe,388,220852,402693,19,1,0.08,42107,0
John Doe,825,122234,180935,7,1,0.06,32561,0
John Doe,521,202280,255590,23,1,0.08,24591,0
John Doe,575,184755,90271,27,1,0.09,8583,1
John Doe,412,195299,170034,27,1,0.09,16113,0
John Doe,380,111168,224956,11,1,0.06,29846,0
John Doe,783,44148,151371,15,1,0.07,16236,1
John Doe,664,118682,61961,10,1,0.06,8798,0
John Doe,757,103311,15685,16,1,0.07,1605,0
John Doe,778,215785,251777,13,1,0.07,30317,0
John Doe,377,118627,121002,21,1,0.08,12085,0
John Doe,485,93436,305156,28,1,0.09,28780,0
John Doe,552,248005,216919,11,1,0.06,27386,0
John Doe,461,209678,273369,10,1,0.06,39334,0
John Doe,518,293857,199750,26,1,0.09,19089,0
John Doe,392,260112,2127,23,1,0.08,203,0
John Doe,737,248882,721221,14,1,0.07,82264,0
John Doe,595,207176,530655,13,1,0.07,63064,1
John Doe,510,280362,42043,14,1,0.07,4834,0
John Doe,454,204809,72393,23,1,0.08,6956,0
John Doe,588,136073,256829,15,1,0.07,27829,1
John Doe,645,232050,117572,15,1,0.07,12696,0
John Doe,638,253310,365122,26,1,0.09,35114,0
